content,summary
蒙卦代表什么？,蒙卦在周易中象征着启蒙与迷惑。此卦由下卦坎（水）和上卦艮（山）组成，卦象为山下有泉，象征泉水喷涌而出，但仍有险阻。这一卦象寓意着蒙昧和回还往复，表明智慧未开，蒙昧闭塞，犹豫不决，缺乏果断。在卦辞中提到‘匪我求童蒙，童蒙求我’，表明不是主动去寻求启蒙，而是蒙昧的人主动寻求教化。初筮告，再三渎，渎则不告，意味着初次占筮可以得到启示，但若轻慢不敬地反复占问，则不会得到启示。蒙卦的核心哲学是强调启蒙的重要性，君子应以果敢坚毅的行动来培养自身的品德。在事业上，蒙卦暗示开始时可能混乱无序，但通过勇敢坚毅的行动和接受严格教育，可以扭转局面。在经商和求名方面，蒙卦建议小心谨慎，不得急功近利，应树立高尚的商业道德和接受良好的基础教育。在婚恋方面，蒙卦提醒注意考察对方品德，夫妻需相互宽容、理解。总之，蒙卦教导人们在迷惘困顿中寻求教化，通过果敢坚毅的行动和接受教育，最终达到启蒙和通达的状态。
周易中的蒙卦含义是什么？,蒙卦在周易中象征着启蒙与迷惑。此卦由下卦坎（水）和上卦艮（山）组成，卦象为山下有泉，象征泉水喷涌而出，但仍有险阻。这一卦象寓意着蒙昧和回还往复，表明智慧未开，蒙昧闭塞，犹豫不决，缺乏果断。在卦辞中提到‘匪我求童蒙，童蒙求我’，表明不是主动去寻求启蒙，而是蒙昧的人主动寻求教化。初筮告，再三渎，渎则不告，意味着初次占筮可以得到启示，但若轻慢不敬地反复占问，则不会得到启示。蒙卦的核心哲学是强调启蒙的重要性，君子应以果敢坚毅的行动来培养自身的品德。在事业上，蒙卦暗示开始时可能混乱无序，但通过勇敢坚毅的行动和接受严格教育，可以扭转局面。在经商和求名方面，蒙卦建议小心谨慎，不得急功近利，应树立高尚的商业道德和接受良好的基础教育。在婚恋方面，蒙卦提醒注意考察对方品德，夫妻需相互宽容、理解。总之，蒙卦教导人们在迷惘困顿中寻求教化，通过果敢坚毅的行动和接受教育，最终达到启蒙和通达的状态。
请解释一下蒙卦。,蒙卦在周易中象征着启蒙与迷惑。此卦由下卦坎（水）和上卦艮（山）组成，卦象为山下有泉，象征泉水喷涌而出，但仍有险阻。这一卦象寓意着蒙昧和回还往复，表明智慧未开，蒙昧闭塞，犹豫不决，缺乏果断。在卦辞中提到‘匪我求童蒙，童蒙求我’，表明不是主动去寻求启蒙，而是蒙昧的人主动寻求教化。初筮告，再三渎，渎则不告，意味着初次占筮可以得到启示，但若轻慢不敬地反复占问，则不会得到启示。蒙卦的核心哲学是强调启蒙的重要性，君子应以果敢坚毅的行动来培养自身的品德。在事业上，蒙卦暗示开始时可能混乱无序，但通过勇敢坚毅的行动和接受严格教育，可以扭转局面。在经商和求名方面，蒙卦建议小心谨慎，不得急功近利，应树立高尚的商业道德和接受良好的基础教育。在婚恋方面，蒙卦提醒注意考察对方品德，夫妻需相互宽容、理解。总之，蒙卦教导人们在迷惘困顿中寻求教化，通过果敢坚毅的行动和接受教育，最终达到启蒙和通达的状态。
蒙卦在周易中是什么象征？,蒙卦在周易中象征着启蒙与迷惑。此卦由下卦坎（水）和上卦艮（山）组成，卦象为山下有泉，象征泉水喷涌而出，但仍有险阻。这一卦象寓意着蒙昧和回还往复，表明智慧未开，蒙昧闭塞，犹豫不决，缺乏果断。在卦辞中提到‘匪我求童蒙，童蒙求我’，表明不是主动去寻求启蒙，而是蒙昧的人主动寻求教化。初筮告，再三渎，渎则不告，意味着初次占筮可以得到启示，但若轻慢不敬地反复占问，则不会得到启示。蒙卦的核心哲学是强调启蒙的重要性，君子应以果敢坚毅的行动来培养自身的品德。在事业上，蒙卦暗示开始时可能混乱无序，但通过勇敢坚毅的行动和接受严格教育，可以扭转局面。在经商和求名方面，蒙卦建议小心谨慎，不得急功近利，应树立高尚的商业道德和接受良好的基础教育。在婚恋方面，蒙卦提醒注意考察对方品德，夫妻需相互宽容、理解。总之，蒙卦教导人们在迷惘困顿中寻求教化，通过果敢坚毅的行动和接受教育，最终达到启蒙和通达的状态。
周易蒙卦的深层含义是什么？,蒙卦在周易中象征着启蒙与迷惑。此卦由下卦坎（水）和上卦艮（山）组成，卦象为山下有泉，象征泉水喷涌而出，但仍有险阻。这一卦象寓意着蒙昧和回还往复，表明智慧未开，蒙昧闭塞，犹豫不决，缺乏果断。在卦辞中提到‘匪我求童蒙，童蒙求我’，表明不是主动去寻求启蒙，而是蒙昧的人主动寻求教化。初筮告，再三渎，渎则不告，意味着初次占筮可以得到启示，但若轻慢不敬地反复占问，则不会得到启示。蒙卦的核心哲学是强调启蒙的重要性，君子应以果敢坚毅的行动来培养自身的品德。在事业上，蒙卦暗示开始时可能混乱无序，但通过勇敢坚毅的行动和接受严格教育，可以扭转局面。在经商和求名方面，蒙卦建议小心谨慎，不得急功近利，应树立高尚的商业道德和接受良好的基础教育。在婚恋方面，蒙卦提醒注意考察对方品德，夫妻需相互宽容、理解。总之，蒙卦教导人们在迷惘困顿中寻求教化，通过果敢坚毅的行动和接受教育，最终达到启蒙和通达的状态。
蒙卦和教育启蒙有什么联系？,蒙卦在周易中象征着启蒙与迷惑。此卦由下卦坎（水）和上卦艮（山）组成，卦象为山下有泉，象征泉水喷涌而出，但仍有险阻。这一卦象寓意着蒙昧和回还往复，表明智慧未开，蒙昧闭塞，犹豫不决，缺乏果断。在卦辞中提到‘匪我求童蒙，童蒙求我’，表明不是主动去寻求启蒙，而是蒙昧的人主动寻求教化。初筮告，再三渎，渎则不告，意味着初次占筮可以得到启示，但若轻慢不敬地反复占问，则不会得到启示。蒙卦的核心哲学是强调启蒙的重要性，君子应以果敢坚毅的行动来培养自身的品德。在事业上，蒙卦暗示开始时可能混乱无序，但通过勇敢坚毅的行动和接受严格教育，可以扭转局面。在经商和求名方面，蒙卦建议小心谨慎，不得急功近利，应树立高尚的商业道德和接受良好的基础教育。在婚恋方面，蒙卦提醒注意考察对方品德，夫妻需相互宽容、理解。总之，蒙卦教导人们在迷惘困顿中寻求教化，通过果敢坚毅的行动和接受教育，最终达到启蒙和通达的状态。
周易的蒙卦讲述了什么？,蒙卦在周易中象征着启蒙与迷惑。此卦由下卦坎（水）和上卦艮（山）组成，卦象为山下有泉，象征泉水喷涌而出，但仍有险阻。这一卦象寓意着蒙昧和回还往复，表明智慧未开，蒙昧闭塞，犹豫不决，缺乏果断。在卦辞中提到‘匪我求童蒙，童蒙求我’，表明不是主动去寻求启蒙，而是蒙昧的人主动寻求教化。初筮告，再三渎，渎则不告，意味着初次占筮可以得到启示，但若轻慢不敬地反复占问，则不会得到启示。蒙卦的核心哲学是强调启蒙的重要性，君子应以果敢坚毅的行动来培养自身的品德。在事业上，蒙卦暗示开始时可能混乱无序，但通过勇敢坚毅的行动和接受严格教育，可以扭转局面。在经商和求名方面，蒙卦建议小心谨慎，不得急功近利，应树立高尚的商业道德和接受良好的基础教育。在婚恋方面，蒙卦提醒注意考察对方品德，夫妻需相互宽容、理解。总之，蒙卦教导人们在迷惘困顿中寻求教化，通过果敢坚毅的行动和接受教育，最终达到启蒙和通达的状态。
蒙卦是怎样的一个卦象？,蒙卦在周易中象征着启蒙与迷惑。此卦由下卦坎（水）和上卦艮（山）组成，卦象为山下有泉，象征泉水喷涌而出，但仍有险阻。这一卦象寓意着蒙昧和回还往复，表明智慧未开，蒙昧闭塞，犹豫不决，缺乏果断。在卦辞中提到‘匪我求童蒙，童蒙求我’，表明不是主动去寻求启蒙，而是蒙昧的人主动寻求教化。初筮告，再三渎，渎则不告，意味着初次占筮可以得到启示，但若轻慢不敬地反复占问，则不会得到启示。蒙卦的核心哲学是强调启蒙的重要性，君子应以果敢坚毅的行动来培养自身的品德。在事业上，蒙卦暗示开始时可能混乱无序，但通过勇敢坚毅的行动和接受严格教育，可以扭转局面。在经商和求名方面，蒙卦建议小心谨慎，不得急功近利，应树立高尚的商业道德和接受良好的基础教育。在婚恋方面，蒙卦提醒注意考察对方品德，夫妻需相互宽容、理解。总之，蒙卦教导人们在迷惘困顿中寻求教化，通过果敢坚毅的行动和接受教育，最终达到启蒙和通达的状态。
蒙卦在周易中怎样表达教育的概念？,蒙卦在周易中象征着启蒙与迷惑。此卦由下卦坎（水）和上卦艮（山）组成，卦象为山下有泉，象征泉水喷涌而出，但仍有险阻。这一卦象寓意着蒙昧和回还往复，表明智慧未开，蒙昧闭塞，犹豫不决，缺乏果断。在卦辞中提到‘匪我求童蒙，童蒙求我’，表明不是主动去寻求启蒙，而是蒙昧的人主动寻求教化。初筮告，再三渎，渎则不告，意味着初次占筮可以得到启示，但若轻慢不敬地反复占问，则不会得到启示。蒙卦的核心哲学是强调启蒙的重要性，君子应以果敢坚毅的行动来培养自身的品德。在事业上，蒙卦暗示开始时可能混乱无序，但通过勇敢坚毅的行动和接受严格教育，可以扭转局面。在经商和求名方面，蒙卦建议小心谨慎，不得急功近利，应树立高尚的商业道德和接受良好的基础教育。在婚恋方面，蒙卦提醒注意考察对方品德，夫妻需相互宽容、理解。总之，蒙卦教导人们在迷惘困顿中寻求教化，通过果敢坚毅的行动和接受教育，最终达到启蒙和通达的状态。
蒙卦的基本意义是什么？,蒙卦在周易中象征着启蒙与迷惑。此卦由下卦坎（水）和上卦艮（山）组成，卦象为山下有泉，象征泉水喷涌而出，但仍有险阻。这一卦象寓意着蒙昧和回还往复，表明智慧未开，蒙昧闭塞，犹豫不决，缺乏果断。在卦辞中提到‘匪我求童蒙，童蒙求我’，表明不是主动去寻求启蒙，而是蒙昧的人主动寻求教化。初筮告，再三渎，渎则不告，意味着初次占筮可以得到启示，但若轻慢不敬地反复占问，则不会得到启示。蒙卦的核心哲学是强调启蒙的重要性，君子应以果敢坚毅的行动来培养自身的品德。在事业上，蒙卦暗示开始时可能混乱无序，但通过勇敢坚毅的行动和接受严格教育，可以扭转局面。在经商和求名方面，蒙卦建议小心谨慎，不得急功近利，应树立高尚的商业道德和接受良好的基础教育。在婚恋方面，蒙卦提醒注意考察对方品德，夫妻需相互宽容、理解。总之，蒙卦教导人们在迷惘困顿中寻求教化，通过果敢坚毅的行动和接受教育，最终达到启蒙和通达的状态。
周易中蒙卦的解释是什么？,蒙卦在周易中象征着启蒙与迷惑。此卦由下卦坎（水）和上卦艮（山）组成，卦象为山下有泉，象征泉水喷涌而出，但仍有险阻。这一卦象寓意着蒙昧和回还往复，表明智慧未开，蒙昧闭塞，犹豫不决，缺乏果断。在卦辞中提到‘匪我求童蒙，童蒙求我’，表明不是主动去寻求启蒙，而是蒙昧的人主动寻求教化。初筮告，再三渎，渎则不告，意味着初次占筮可以得到启示，但若轻慢不敬地反复占问，则不会得到启示。蒙卦的核心哲学是强调启蒙的重要性，君子应以果敢坚毅的行动来培养自身的品德。在事业上，蒙卦暗示开始时可能混乱无序，但通过勇敢坚毅的行动和接受严格教育，可以扭转局面。在经商和求名方面，蒙卦建议小心谨慎，不得急功近利，应树立高尚的商业道德和接受良好的基础教育。在婚恋方面，蒙卦提醒注意考察对方品德，夫妻需相互宽容、理解。总之，蒙卦教导人们在迷惘困顿中寻求教化，通过果敢坚毅的行动和接受教育，最终达到启蒙和通达的状态。
蒙卦在周易中代表了哪些方面？,蒙卦在周易中象征着启蒙与迷惑。此卦由下卦坎（水）和上卦艮（山）组成，卦象为山下有泉，象征泉水喷涌而出，但仍有险阻。这一卦象寓意着蒙昧和回还往复，表明智慧未开，蒙昧闭塞，犹豫不决，缺乏果断。在卦辞中提到‘匪我求童蒙，童蒙求我’，表明不是主动去寻求启蒙，而是蒙昧的人主动寻求教化。初筮告，再三渎，渎则不告，意味着初次占筮可以得到启示，但若轻慢不敬地反复占问，则不会得到启示。蒙卦的核心哲学是强调启蒙的重要性，君子应以果敢坚毅的行动来培养自身的品德。在事业上，蒙卦暗示开始时可能混乱无序，但通过勇敢坚毅的行动和接受严格教育，可以扭转局面。在经商和求名方面，蒙卦建议小心谨慎，不得急功近利，应树立高尚的商业道德和接受良好的基础教育。在婚恋方面，蒙卦提醒注意考察对方品德，夫妻需相互宽容、理解。总之，蒙卦教导人们在迷惘困顿中寻求教化，通过果敢坚毅的行动和接受教育，最终达到启蒙和通达的状态。
蒙卦涉及哪些哲学思想？,蒙卦在周易中象征着启蒙与迷惑。此卦由下卦坎（水）和上卦艮（山）组成，卦象为山下有泉，象征泉水喷涌而出，但仍有险阻。这一卦象寓意着蒙昧和回还往复，表明智慧未开，蒙昧闭塞，犹豫不决，缺乏果断。在卦辞中提到‘匪我求童蒙，童蒙求我’，表明不是主动去寻求启蒙，而是蒙昧的人主动寻求教化。初筮告，再三渎，渎则不告，意味着初次占筮可以得到启示，但若轻慢不敬地反复占问，则不会得到启示。蒙卦的核心哲学是强调启蒙的重要性，君子应以果敢坚毅的行动来培养自身的品德。在事业上，蒙卦暗示开始时可能混乱无序，但通过勇敢坚毅的行动和接受严格教育，可以扭转局面。在经商和求名方面，蒙卦建议小心谨慎，不得急功近利，应树立高尚的商业道德和接受良好的基础教育。在婚恋方面，蒙卦提醒注意考察对方品德，夫妻需相互宽容、理解。总之，蒙卦教导人们在迷惘困顿中寻求教化，通过果敢坚毅的行动和接受教育，最终达到启蒙和通达的状态。
周易中蒙卦的象征意义是什么？,蒙卦在周易中象征着启蒙与迷惑。此卦由下卦坎（水）和上卦艮（山）组成，卦象为山下有泉，象征泉水喷涌而出，但仍有险阻。这一卦象寓意着蒙昧和回还往复，表明智慧未开，蒙昧闭塞，犹豫不决，缺乏果断。在卦辞中提到‘匪我求童蒙，童蒙求我’，表明不是主动去寻求启蒙，而是蒙昧的人主动寻求教化。初筮告，再三渎，渎则不告，意味着初次占筮可以得到启示，但若轻慢不敬地反复占问，则不会得到启示。蒙卦的核心哲学是强调启蒙的重要性，君子应以果敢坚毅的行动来培养自身的品德。在事业上，蒙卦暗示开始时可能混乱无序，但通过勇敢坚毅的行动和接受严格教育，可以扭转局面。在经商和求名方面，蒙卦建议小心谨慎，不得急功近利，应树立高尚的商业道德和接受良好的基础教育。在婚恋方面，蒙卦提醒注意考察对方品德，夫妻需相互宽容、理解。总之，蒙卦教导人们在迷惘困顿中寻求教化，通过果敢坚毅的行动和接受教育，最终达到启蒙和通达的状态。
蒙卦的主要讲述内容是什么？,蒙卦在周易中象征着启蒙与迷惑。此卦由下卦坎（水）和上卦艮（山）组成，卦象为山下有泉，象征泉水喷涌而出，但仍有险阻。这一卦象寓意着蒙昧和回还往复，表明智慧未开，蒙昧闭塞，犹豫不决，缺乏果断。在卦辞中提到‘匪我求童蒙，童蒙求我’，表明不是主动去寻求启蒙，而是蒙昧的人主动寻求教化。初筮告，再三渎，渎则不告，意味着初次占筮可以得到启示，但若轻慢不敬地反复占问，则不会得到启示。蒙卦的核心哲学是强调启蒙的重要性，君子应以果敢坚毅的行动来培养自身的品德。在事业上，蒙卦暗示开始时可能混乱无序，但通过勇敢坚毅的行动和接受严格教育，可以扭转局面。在经商和求名方面，蒙卦建议小心谨慎，不得急功近利，应树立高尚的商业道德和接受良好的基础教育。在婚恋方面，蒙卦提醒注意考察对方品德，夫妻需相互宽容、理解。总之，蒙卦教导人们在迷惘困顿中寻求教化，通过果敢坚毅的行动和接受教育，最终达到启蒙和通达的状态。
周易蒙卦的核心思想是什么？,蒙卦在周易中象征着启蒙与迷惑。此卦由下卦坎（水）和上卦艮（山）组成，卦象为山下有泉，象征泉水喷涌而出，但仍有险阻。这一卦象寓意着蒙昧和回还往复，表明智慧未开，蒙昧闭塞，犹豫不决，缺乏果断。在卦辞中提到‘匪我求童蒙，童蒙求我’，表明不是主动去寻求启蒙，而是蒙昧的人主动寻求教化。初筮告，再三渎，渎则不告，意味着初次占筮可以得到启示，但若轻慢不敬地反复占问，则不会得到启示。蒙卦的核心哲学是强调启蒙的重要性，君子应以果敢坚毅的行动来培养自身的品德。在事业上，蒙卦暗示开始时可能混乱无序，但通过勇敢坚毅的行动和接受严格教育，可以扭转局面。在经商和求名方面，蒙卦建议小心谨慎，不得急功近利，应树立高尚的商业道德和接受良好的基础教育。在婚恋方面，蒙卦提醒注意考察对方品德，夫妻需相互宽容、理解。总之，蒙卦教导人们在迷惘困顿中寻求教化，通过果敢坚毅的行动和接受教育，最终达到启蒙和通达的状态。
蒙卦和启蒙教育之间有何联系？,蒙卦在周易中象征着启蒙与迷惑。此卦由下卦坎（水）和上卦艮（山）组成，卦象为山下有泉，象征泉水喷涌而出，但仍有险阻。这一卦象寓意着蒙昧和回还往复，表明智慧未开，蒙昧闭塞，犹豫不决，缺乏果断。在卦辞中提到‘匪我求童蒙，童蒙求我’，表明不是主动去寻求启蒙，而是蒙昧的人主动寻求教化。初筮告，再三渎，渎则不告，意味着初次占筮可以得到启示，但若轻慢不敬地反复占问，则不会得到启示。蒙卦的核心哲学是强调启蒙的重要性，君子应以果敢坚毅的行动来培养自身的品德。在事业上，蒙卦暗示开始时可能混乱无序，但通过勇敢坚毅的行动和接受严格教育，可以扭转局面。在经商和求名方面，蒙卦建议小心谨慎，不得急功近利，应树立高尚的商业道德和接受良好的基础教育。在婚恋方面，蒙卦提醒注意考察对方品德，夫妻需相互宽容、理解。总之，蒙卦教导人们在迷惘困顿中寻求教化，通过果敢坚毅的行动和接受教育，最终达到启蒙和通达的状态。
在周易中，蒙卦象征着什么？,蒙卦在周易中象征着启蒙与迷惑。此卦由下卦坎（水）和上卦艮（山）组成，卦象为山下有泉，象征泉水喷涌而出，但仍有险阻。这一卦象寓意着蒙昧和回还往复，表明智慧未开，蒙昧闭塞，犹豫不决，缺乏果断。在卦辞中提到‘匪我求童蒙，童蒙求我’，表明不是主动去寻求启蒙，而是蒙昧的人主动寻求教化。初筮告，再三渎，渎则不告，意味着初次占筮可以得到启示，但若轻慢不敬地反复占问，则不会得到启示。蒙卦的核心哲学是强调启蒙的重要性，君子应以果敢坚毅的行动来培养自身的品德。在事业上，蒙卦暗示开始时可能混乱无序，但通过勇敢坚毅的行动和接受严格教育，可以扭转局面。在经商和求名方面，蒙卦建议小心谨慎，不得急功近利，应树立高尚的商业道德和接受良好的基础教育。在婚恋方面，蒙卦提醒注意考察对方品德，夫妻需相互宽容、理解。总之，蒙卦教导人们在迷惘困顿中寻求教化，通过果敢坚毅的行动和接受教育，最终达到启蒙和通达的状态。
请描述蒙卦的含义。,蒙卦在周易中象征着启蒙与迷惑。此卦由下卦坎（水）和上卦艮（山）组成，卦象为山下有泉，象征泉水喷涌而出，但仍有险阻。这一卦象寓意着蒙昧和回还往复，表明智慧未开，蒙昧闭塞，犹豫不决，缺乏果断。在卦辞中提到‘匪我求童蒙，童蒙求我’，表明不是主动去寻求启蒙，而是蒙昧的人主动寻求教化。初筮告，再三渎，渎则不告，意味着初次占筮可以得到启示，但若轻慢不敬地反复占问，则不会得到启示。蒙卦的核心哲学是强调启蒙的重要性，君子应以果敢坚毅的行动来培养自身的品德。在事业上，蒙卦暗示开始时可能混乱无序，但通过勇敢坚毅的行动和接受严格教育，可以扭转局面。在经商和求名方面，蒙卦建议小心谨慎，不得急功近利，应树立高尚的商业道德和接受良好的基础教育。在婚恋方面，蒙卦提醒注意考察对方品德，夫妻需相互宽容、理解。总之，蒙卦教导人们在迷惘困顿中寻求教化，通过果敢坚毅的行动和接受教育，最终达到启蒙和通达的状态。
蒙卦在周易哲学中扮演什么角色？,蒙卦在周易中象征着启蒙与迷惑。此卦由下卦坎（水）和上卦艮（山）组成，卦象为山下有泉，象征泉水喷涌而出，但仍有险阻。这一卦象寓意着蒙昧和回还往复，表明智慧未开，蒙昧闭塞，犹豫不决，缺乏果断。在卦辞中提到‘匪我求童蒙，童蒙求我’，表明不是主动去寻求启蒙，而是蒙昧的人主动寻求教化。初筮告，再三渎，渎则不告，意味着初次占筮可以得到启示，但若轻慢不敬地反复占问，则不会得到启示。蒙卦的核心哲学是强调启蒙的重要性，君子应以果敢坚毅的行动来培养自身的品德。在事业上，蒙卦暗示开始时可能混乱无序，但通过勇敢坚毅的行动和接受严格教育，可以扭转局面。在经商和求名方面，蒙卦建议小心谨慎，不得急功近利，应树立高尚的商业道德和接受良好的基础教育。在婚恋方面，蒙卦提醒注意考察对方品德，夫妻需相互宽容、理解。总之，蒙卦教导人们在迷惘困顿中寻求教化，通过果敢坚毅的行动和接受教育，最终达到启蒙和通达的状态。
屯卦代表什么？,屯卦是周易中的第二个卦，由下卦震（雷）和上卦坎（水）组成。此卦象征万物初生时的艰难险阻。卦名‘屯’意味着困难，卦辞‘元，亨，利，贞。勿用，有攸往，利建侯’表明初始虽困难，但最终将亨通吉利，有利于建立功业和封侯。象征雷雨交加的环境，君子观此卦应如经纶般有条不紊地治理事务。邵雍认为万物始生困难，但先苦后甜。傅佩荣建议宜守不宜进。传统解卦认为屯卦象征动而逢险，需刚毅果敢。此卦适合解释困境中的坚持与努力，以及在艰难时机的把握。
周易中的屯卦含义是什么？,屯卦是周易中的第二个卦，由下卦震（雷）和上卦坎（水）组成。此卦象征万物初生时的艰难险阻。卦名‘屯’意味着困难，卦辞‘元，亨，利，贞。勿用，有攸往，利建侯’表明初始虽困难，但最终将亨通吉利，有利于建立功业和封侯。象征雷雨交加的环境，君子观此卦应如经纶般有条不紊地治理事务。邵雍认为万物始生困难，但先苦后甜。傅佩荣建议宜守不宜进。传统解卦认为屯卦象征动而逢险，需刚毅果敢。此卦适合解释困境中的坚持与努力，以及在艰难时机的把握。
请解释一下屯卦。,屯卦是周易中的第二个卦，由下卦震（雷）和上卦坎（水）组成。此卦象征万物初生时的艰难险阻。卦名‘屯’意味着困难，卦辞‘元，亨，利，贞。勿用，有攸往，利建侯’表明初始虽困难，但最终将亨通吉利，有利于建立功业和封侯。象征雷雨交加的环境，君子观此卦应如经纶般有条不紊地治理事务。邵雍认为万物始生困难，但先苦后甜。傅佩荣建议宜守不宜进。传统解卦认为屯卦象征动而逢险，需刚毅果敢。此卦适合解释困境中的坚持与努力，以及在艰难时机的把握。
屯卦在周易中是什么象征？,屯卦是周易中的第二个卦，由下卦震（雷）和上卦坎（水）组成。此卦象征万物初生时的艰难险阻。卦名‘屯’意味着困难，卦辞‘元，亨，利，贞。勿用，有攸往，利建侯’表明初始虽困难，但最终将亨通吉利，有利于建立功业和封侯。象征雷雨交加的环境，君子观此卦应如经纶般有条不紊地治理事务。邵雍认为万物始生困难，但先苦后甜。傅佩荣建议宜守不宜进。传统解卦认为屯卦象征动而逢险，需刚毅果敢。此卦适合解释困境中的坚持与努力，以及在艰难时机的把握。
周易屯卦的深层含义是什么？,屯卦是周易中的第二个卦，由下卦震（雷）和上卦坎（水）组成。此卦象征万物初生时的艰难险阻。卦名‘屯’意味着困难，卦辞‘元，亨，利，贞。勿用，有攸往，利建侯’表明初始虽困难，但最终将亨通吉利，有利于建立功业和封侯。象征雷雨交加的环境，君子观此卦应如经纶般有条不紊地治理事务。邵雍认为万物始生困难，但先苦后甜。傅佩荣建议宜守不宜进。传统解卦认为屯卦象征动而逢险，需刚毅果敢。此卦适合解释困境中的坚持与努力，以及在艰难时机的把握。
屯卦和教育启蒙有什么联系？,屯卦是周易中的第二个卦，由下卦震（雷）和上卦坎（水）组成。此卦象征万物初生时的艰难险阻。卦名‘屯’意味着困难，卦辞‘元，亨，利，贞。勿用，有攸往，利建侯’表明初始虽困难，但最终将亨通吉利，有利于建立功业和封侯。象征雷雨交加的环境，君子观此卦应如经纶般有条不紊地治理事务。邵雍认为万物始生困难，但先苦后甜。傅佩荣建议宜守不宜进。传统解卦认为屯卦象征动而逢险，需刚毅果敢。此卦适合解释困境中的坚持与努力，以及在艰难时机的把握。
周易的屯卦讲述了什么？,屯卦是周易中的第二个卦，由下卦震（雷）和上卦坎（水）组成。此卦象征万物初生时的艰难险阻。卦名‘屯’意味着困难，卦辞‘元，亨，利，贞。勿用，有攸往，利建侯’表明初始虽困难，但最终将亨通吉利，有利于建立功业和封侯。象征雷雨交加的环境，君子观此卦应如经纶般有条不紊地治理事务。邵雍认为万物始生困难，但先苦后甜。傅佩荣建议宜守不宜进。传统解卦认为屯卦象征动而逢险，需刚毅果敢。此卦适合解释困境中的坚持与努力，以及在艰难时机的把握。
屯卦是怎样的一个卦象？,屯卦是周易中的第二个卦，由下卦震（雷）和上卦坎（水）组成。此卦象征万物初生时的艰难险阻。卦名‘屯’意味着困难，卦辞‘元，亨，利，贞。勿用，有攸往，利建侯’表明初始虽困难，但最终将亨通吉利，有利于建立功业和封侯。象征雷雨交加的环境，君子观此卦应如经纶般有条不紊地治理事务。邵雍认为万物始生困难，但先苦后甜。傅佩荣建议宜守不宜进。传统解卦认为屯卦象征动而逢险，需刚毅果敢。此卦适合解释困境中的坚持与努力，以及在艰难时机的把握。
屯卦在周易中怎样表达教育的概念？,屯卦是周易中的第二个卦，由下卦震（雷）和上卦坎（水）组成。此卦象征万物初生时的艰难险阻。卦名‘屯’意味着困难，卦辞‘元，亨，利，贞。勿用，有攸往，利建侯’表明初始虽困难，但最终将亨通吉利，有利于建立功业和封侯。象征雷雨交加的环境，君子观此卦应如经纶般有条不紊地治理事务。邵雍认为万物始生困难，但先苦后甜。傅佩荣建议宜守不宜进。传统解卦认为屯卦象征动而逢险，需刚毅果敢。此卦适合解释困境中的坚持与努力，以及在艰难时机的把握。
屯卦的基本意义是什么？,屯卦是周易中的第二个卦，由下卦震（雷）和上卦坎（水）组成。此卦象征万物初生时的艰难险阻。卦名‘屯’意味着困难，卦辞‘元，亨，利，贞。勿用，有攸往，利建侯’表明初始虽困难，但最终将亨通吉利，有利于建立功业和封侯。象征雷雨交加的环境，君子观此卦应如经纶般有条不紊地治理事务。邵雍认为万物始生困难，但先苦后甜。傅佩荣建议宜守不宜进。传统解卦认为屯卦象征动而逢险，需刚毅果敢。此卦适合解释困境中的坚持与努力，以及在艰难时机的把握。
周易中屯卦的解释是什么？,屯卦是周易中的第二个卦，由下卦震（雷）和上卦坎（水）组成。此卦象征万物初生时的艰难险阻。卦名‘屯’意味着困难，卦辞‘元，亨，利，贞。勿用，有攸往，利建侯’表明初始虽困难，但最终将亨通吉利，有利于建立功业和封侯。象征雷雨交加的环境，君子观此卦应如经纶般有条不紊地治理事务。邵雍认为万物始生困难，但先苦后甜。傅佩荣建议宜守不宜进。传统解卦认为屯卦象征动而逢险，需刚毅果敢。此卦适合解释困境中的坚持与努力，以及在艰难时机的把握。
屯卦在周易中代表了哪些方面？,屯卦是周易中的第二个卦，由下卦震（雷）和上卦坎（水）组成。此卦象征万物初生时的艰难险阻。卦名‘屯’意味着困难，卦辞‘元，亨，利，贞。勿用，有攸往，利建侯’表明初始虽困难，但最终将亨通吉利，有利于建立功业和封侯。象征雷雨交加的环境，君子观此卦应如经纶般有条不紊地治理事务。邵雍认为万物始生困难，但先苦后甜。傅佩荣建议宜守不宜进。传统解卦认为屯卦象征动而逢险，需刚毅果敢。此卦适合解释困境中的坚持与努力，以及在艰难时机的把握。
屯卦涉及哪些哲学思想？,屯卦是周易中的第二个卦，由下卦震（雷）和上卦坎（水）组成。此卦象征万物初生时的艰难险阻。卦名‘屯’意味着困难，卦辞‘元，亨，利，贞。勿用，有攸往，利建侯’表明初始虽困难，但最终将亨通吉利，有利于建立功业和封侯。象征雷雨交加的环境，君子观此卦应如经纶般有条不紊地治理事务。邵雍认为万物始生困难，但先苦后甜。傅佩荣建议宜守不宜进。传统解卦认为屯卦象征动而逢险，需刚毅果敢。此卦适合解释困境中的坚持与努力，以及在艰难时机的把握。
周易中屯卦的象征意义是什么？,屯卦是周易中的第二个卦，由下卦震（雷）和上卦坎（水）组成。此卦象征万物初生时的艰难险阻。卦名‘屯’意味着困难，卦辞‘元，亨，利，贞。勿用，有攸往，利建侯’表明初始虽困难，但最终将亨通吉利，有利于建立功业和封侯。象征雷雨交加的环境，君子观此卦应如经纶般有条不紊地治理事务。邵雍认为万物始生困难，但先苦后甜。傅佩荣建议宜守不宜进。传统解卦认为屯卦象征动而逢险，需刚毅果敢。此卦适合解释困境中的坚持与努力，以及在艰难时机的把握。
屯卦的主要讲述内容是什么？,屯卦是周易中的第二个卦，由下卦震（雷）和上卦坎（水）组成。此卦象征万物初生时的艰难险阻。卦名‘屯’意味着困难，卦辞‘元，亨，利，贞。勿用，有攸往，利建侯’表明初始虽困难，但最终将亨通吉利，有利于建立功业和封侯。象征雷雨交加的环境，君子观此卦应如经纶般有条不紊地治理事务。邵雍认为万物始生困难，但先苦后甜。傅佩荣建议宜守不宜进。传统解卦认为屯卦象征动而逢险，需刚毅果敢。此卦适合解释困境中的坚持与努力，以及在艰难时机的把握。
周易屯卦的核心思想是什么？,屯卦是周易中的第二个卦，由下卦震（雷）和上卦坎（水）组成。此卦象征万物初生时的艰难险阻。卦名‘屯’意味着困难，卦辞‘元，亨，利，贞。勿用，有攸往，利建侯’表明初始虽困难，但最终将亨通吉利，有利于建立功业和封侯。象征雷雨交加的环境，君子观此卦应如经纶般有条不紊地治理事务。邵雍认为万物始生困难，但先苦后甜。傅佩荣建议宜守不宜进。传统解卦认为屯卦象征动而逢险，需刚毅果敢。此卦适合解释困境中的坚持与努力，以及在艰难时机的把握。
屯卦和启蒙教育之间有何联系？,屯卦是周易中的第二个卦，由下卦震（雷）和上卦坎（水）组成。此卦象征万物初生时的艰难险阻。卦名‘屯’意味着困难，卦辞‘元，亨，利，贞。勿用，有攸往，利建侯’表明初始虽困难，但最终将亨通吉利，有利于建立功业和封侯。象征雷雨交加的环境，君子观此卦应如经纶般有条不紊地治理事务。邵雍认为万物始生困难，但先苦后甜。傅佩荣建议宜守不宜进。传统解卦认为屯卦象征动而逢险，需刚毅果敢。此卦适合解释困境中的坚持与努力，以及在艰难时机的把握。
在周易中，屯卦象征着什么？,屯卦是周易中的第二个卦，由下卦震（雷）和上卦坎（水）组成。此卦象征万物初生时的艰难险阻。卦名‘屯’意味着困难，卦辞‘元，亨，利，贞。勿用，有攸往，利建侯’表明初始虽困难，但最终将亨通吉利，有利于建立功业和封侯。象征雷雨交加的环境，君子观此卦应如经纶般有条不紊地治理事务。邵雍认为万物始生困难，但先苦后甜。傅佩荣建议宜守不宜进。传统解卦认为屯卦象征动而逢险，需刚毅果敢。此卦适合解释困境中的坚持与努力，以及在艰难时机的把握。
请描述屯卦的含义。,屯卦是周易中的第二个卦，由下卦震（雷）和上卦坎（水）组成。此卦象征万物初生时的艰难险阻。卦名‘屯’意味着困难，卦辞‘元，亨，利，贞。勿用，有攸往，利建侯’表明初始虽困难，但最终将亨通吉利，有利于建立功业和封侯。象征雷雨交加的环境，君子观此卦应如经纶般有条不紊地治理事务。邵雍认为万物始生困难，但先苦后甜。傅佩荣建议宜守不宜进。传统解卦认为屯卦象征动而逢险，需刚毅果敢。此卦适合解释困境中的坚持与努力，以及在艰难时机的把握。
屯卦在周易哲学中扮演什么角色？,屯卦是周易中的第二个卦，由下卦震（雷）和上卦坎（水）组成。此卦象征万物初生时的艰难险阻。卦名‘屯’意味着困难，卦辞‘元，亨，利，贞。勿用，有攸往，利建侯’表明初始虽困难，但最终将亨通吉利，有利于建立功业和封侯。象征雷雨交加的环境，君子观此卦应如经纶般有条不紊地治理事务。邵雍认为万物始生困难，但先苦后甜。傅佩荣建议宜守不宜进。传统解卦认为屯卦象征动而逢险，需刚毅果敢。此卦适合解释困境中的坚持与努力，以及在艰难时机的把握。
需卦代表什么？,需卦在周易中象征着等待与蓄势。此卦由下卦乾（天）和上卦坎（水）组成，代表云升于天，等待雨水降临的意象。卦辞‘有孚，光亨，贞吉。利涉大川’表明，坚守诚信，亨通顺利，问卦必吉，且利于渡过大河。象传‘云上于天，需；君子以饮食宴乐’说明，君子应如云在天，耐心等待，并在等待中保持宴饮安乐的生活态度。《断易天机》指出需卦为坤宫游魂卦，意味着等待时机成熟，虽前有险阻，但耐心涉过大川则利。邵雍认为需卦象征坎陷当前，应等待时机，急进则凶。傅佩荣则强调时机未成熟时需耐心等待，适用于时机、财运、身体等方面。传统解卦认为需卦下乾上坎，刚逢险阻，宜稳健等待，不可冒进。大象解法以云在天上未雨象喻等待时机，运势上强调待时而行，事业、经商、求名、婚恋等方面均需耐心等待，积累实力，待时机成熟则可成功。决策上建议积蓄力量，谨慎行动，坦然面对困难，时机成熟后则一帆风顺。
周易中的需卦含义是什么？,需卦在周易中象征着等待与蓄势。此卦由下卦乾（天）和上卦坎（水）组成，代表云升于天，等待雨水降临的意象。卦辞‘有孚，光亨，贞吉。利涉大川’表明，坚守诚信，亨通顺利，问卦必吉，且利于渡过大河。象传‘云上于天，需；君子以饮食宴乐’说明，君子应如云在天，耐心等待，并在等待中保持宴饮安乐的生活态度。《断易天机》指出需卦为坤宫游魂卦，意味着等待时机成熟，虽前有险阻，但耐心涉过大川则利。邵雍认为需卦象征坎陷当前，应等待时机，急进则凶。傅佩荣则强调时机未成熟时需耐心等待，适用于时机、财运、身体等方面。传统解卦认为需卦下乾上坎，刚逢险阻，宜稳健等待，不可冒进。大象解法以云在天上未雨象喻等待时机，运势上强调待时而行，事业、经商、求名、婚恋等方面均需耐心等待，积累实力，待时机成熟则可成功。决策上建议积蓄力量，谨慎行动，坦然面对困难，时机成熟后则一帆风顺。
请解释一下需卦。,需卦在周易中象征着等待与蓄势。此卦由下卦乾（天）和上卦坎（水）组成，代表云升于天，等待雨水降临的意象。卦辞‘有孚，光亨，贞吉。利涉大川’表明，坚守诚信，亨通顺利，问卦必吉，且利于渡过大河。象传‘云上于天，需；君子以饮食宴乐’说明，君子应如云在天，耐心等待，并在等待中保持宴饮安乐的生活态度。《断易天机》指出需卦为坤宫游魂卦，意味着等待时机成熟，虽前有险阻，但耐心涉过大川则利。邵雍认为需卦象征坎陷当前，应等待时机，急进则凶。傅佩荣则强调时机未成熟时需耐心等待，适用于时机、财运、身体等方面。传统解卦认为需卦下乾上坎，刚逢险阻，宜稳健等待，不可冒进。大象解法以云在天上未雨象喻等待时机，运势上强调待时而行，事业、经商、求名、婚恋等方面均需耐心等待，积累实力，待时机成熟则可成功。决策上建议积蓄力量，谨慎行动，坦然面对困难，时机成熟后则一帆风顺。
需卦在周易中是什么象征？,需卦在周易中象征着等待与蓄势。此卦由下卦乾（天）和上卦坎（水）组成，代表云升于天，等待雨水降临的意象。卦辞‘有孚，光亨，贞吉。利涉大川’表明，坚守诚信，亨通顺利，问卦必吉，且利于渡过大河。象传‘云上于天，需；君子以饮食宴乐’说明，君子应如云在天，耐心等待，并在等待中保持宴饮安乐的生活态度。《断易天机》指出需卦为坤宫游魂卦，意味着等待时机成熟，虽前有险阻，但耐心涉过大川则利。邵雍认为需卦象征坎陷当前，应等待时机，急进则凶。傅佩荣则强调时机未成熟时需耐心等待，适用于时机、财运、身体等方面。传统解卦认为需卦下乾上坎，刚逢险阻，宜稳健等待，不可冒进。大象解法以云在天上未雨象喻等待时机，运势上强调待时而行，事业、经商、求名、婚恋等方面均需耐心等待，积累实力，待时机成熟则可成功。决策上建议积蓄力量，谨慎行动，坦然面对困难，时机成熟后则一帆风顺。
周易需卦的深层含义是什么？,需卦在周易中象征着等待与蓄势。此卦由下卦乾（天）和上卦坎（水）组成，代表云升于天，等待雨水降临的意象。卦辞‘有孚，光亨，贞吉。利涉大川’表明，坚守诚信，亨通顺利，问卦必吉，且利于渡过大河。象传‘云上于天，需；君子以饮食宴乐’说明，君子应如云在天，耐心等待，并在等待中保持宴饮安乐的生活态度。《断易天机》指出需卦为坤宫游魂卦，意味着等待时机成熟，虽前有险阻，但耐心涉过大川则利。邵雍认为需卦象征坎陷当前，应等待时机，急进则凶。傅佩荣则强调时机未成熟时需耐心等待，适用于时机、财运、身体等方面。传统解卦认为需卦下乾上坎，刚逢险阻，宜稳健等待，不可冒进。大象解法以云在天上未雨象喻等待时机，运势上强调待时而行，事业、经商、求名、婚恋等方面均需耐心等待，积累实力，待时机成熟则可成功。决策上建议积蓄力量，谨慎行动，坦然面对困难，时机成熟后则一帆风顺。
需卦和教育启蒙有什么联系？,需卦在周易中象征着等待与蓄势。此卦由下卦乾（天）和上卦坎（水）组成，代表云升于天，等待雨水降临的意象。卦辞‘有孚，光亨，贞吉。利涉大川’表明，坚守诚信，亨通顺利，问卦必吉，且利于渡过大河。象传‘云上于天，需；君子以饮食宴乐’说明，君子应如云在天，耐心等待，并在等待中保持宴饮安乐的生活态度。《断易天机》指出需卦为坤宫游魂卦，意味着等待时机成熟，虽前有险阻，但耐心涉过大川则利。邵雍认为需卦象征坎陷当前，应等待时机，急进则凶。傅佩荣则强调时机未成熟时需耐心等待，适用于时机、财运、身体等方面。传统解卦认为需卦下乾上坎，刚逢险阻，宜稳健等待，不可冒进。大象解法以云在天上未雨象喻等待时机，运势上强调待时而行，事业、经商、求名、婚恋等方面均需耐心等待，积累实力，待时机成熟则可成功。决策上建议积蓄力量，谨慎行动，坦然面对困难，时机成熟后则一帆风顺。
周易的需卦讲述了什么？,需卦在周易中象征着等待与蓄势。此卦由下卦乾（天）和上卦坎（水）组成，代表云升于天，等待雨水降临的意象。卦辞‘有孚，光亨，贞吉。利涉大川’表明，坚守诚信，亨通顺利，问卦必吉，且利于渡过大河。象传‘云上于天，需；君子以饮食宴乐’说明，君子应如云在天，耐心等待，并在等待中保持宴饮安乐的生活态度。《断易天机》指出需卦为坤宫游魂卦，意味着等待时机成熟，虽前有险阻，但耐心涉过大川则利。邵雍认为需卦象征坎陷当前，应等待时机，急进则凶。傅佩荣则强调时机未成熟时需耐心等待，适用于时机、财运、身体等方面。传统解卦认为需卦下乾上坎，刚逢险阻，宜稳健等待，不可冒进。大象解法以云在天上未雨象喻等待时机，运势上强调待时而行，事业、经商、求名、婚恋等方面均需耐心等待，积累实力，待时机成熟则可成功。决策上建议积蓄力量，谨慎行动，坦然面对困难，时机成熟后则一帆风顺。
需卦是怎样的一个卦象？,需卦在周易中象征着等待与蓄势。此卦由下卦乾（天）和上卦坎（水）组成，代表云升于天，等待雨水降临的意象。卦辞‘有孚，光亨，贞吉。利涉大川’表明，坚守诚信，亨通顺利，问卦必吉，且利于渡过大河。象传‘云上于天，需；君子以饮食宴乐’说明，君子应如云在天，耐心等待，并在等待中保持宴饮安乐的生活态度。《断易天机》指出需卦为坤宫游魂卦，意味着等待时机成熟，虽前有险阻，但耐心涉过大川则利。邵雍认为需卦象征坎陷当前，应等待时机，急进则凶。傅佩荣则强调时机未成熟时需耐心等待，适用于时机、财运、身体等方面。传统解卦认为需卦下乾上坎，刚逢险阻，宜稳健等待，不可冒进。大象解法以云在天上未雨象喻等待时机，运势上强调待时而行，事业、经商、求名、婚恋等方面均需耐心等待，积累实力，待时机成熟则可成功。决策上建议积蓄力量，谨慎行动，坦然面对困难，时机成熟后则一帆风顺。
需卦在周易中怎样表达教育的概念？,需卦在周易中象征着等待与蓄势。此卦由下卦乾（天）和上卦坎（水）组成，代表云升于天，等待雨水降临的意象。卦辞‘有孚，光亨，贞吉。利涉大川’表明，坚守诚信，亨通顺利，问卦必吉，且利于渡过大河。象传‘云上于天，需；君子以饮食宴乐’说明，君子应如云在天，耐心等待，并在等待中保持宴饮安乐的生活态度。《断易天机》指出需卦为坤宫游魂卦，意味着等待时机成熟，虽前有险阻，但耐心涉过大川则利。邵雍认为需卦象征坎陷当前，应等待时机，急进则凶。傅佩荣则强调时机未成熟时需耐心等待，适用于时机、财运、身体等方面。传统解卦认为需卦下乾上坎，刚逢险阻，宜稳健等待，不可冒进。大象解法以云在天上未雨象喻等待时机，运势上强调待时而行，事业、经商、求名、婚恋等方面均需耐心等待，积累实力，待时机成熟则可成功。决策上建议积蓄力量，谨慎行动，坦然面对困难，时机成熟后则一帆风顺。
需卦的基本意义是什么？,需卦在周易中象征着等待与蓄势。此卦由下卦乾（天）和上卦坎（水）组成，代表云升于天，等待雨水降临的意象。卦辞‘有孚，光亨，贞吉。利涉大川’表明，坚守诚信，亨通顺利，问卦必吉，且利于渡过大河。象传‘云上于天，需；君子以饮食宴乐’说明，君子应如云在天，耐心等待，并在等待中保持宴饮安乐的生活态度。《断易天机》指出需卦为坤宫游魂卦，意味着等待时机成熟，虽前有险阻，但耐心涉过大川则利。邵雍认为需卦象征坎陷当前，应等待时机，急进则凶。傅佩荣则强调时机未成熟时需耐心等待，适用于时机、财运、身体等方面。传统解卦认为需卦下乾上坎，刚逢险阻，宜稳健等待，不可冒进。大象解法以云在天上未雨象喻等待时机，运势上强调待时而行，事业、经商、求名、婚恋等方面均需耐心等待，积累实力，待时机成熟则可成功。决策上建议积蓄力量，谨慎行动，坦然面对困难，时机成熟后则一帆风顺。
周易中需卦的解释是什么？,需卦在周易中象征着等待与蓄势。此卦由下卦乾（天）和上卦坎（水）组成，代表云升于天，等待雨水降临的意象。卦辞‘有孚，光亨，贞吉。利涉大川’表明，坚守诚信，亨通顺利，问卦必吉，且利于渡过大河。象传‘云上于天，需；君子以饮食宴乐’说明，君子应如云在天，耐心等待，并在等待中保持宴饮安乐的生活态度。《断易天机》指出需卦为坤宫游魂卦，意味着等待时机成熟，虽前有险阻，但耐心涉过大川则利。邵雍认为需卦象征坎陷当前，应等待时机，急进则凶。傅佩荣则强调时机未成熟时需耐心等待，适用于时机、财运、身体等方面。传统解卦认为需卦下乾上坎，刚逢险阻，宜稳健等待，不可冒进。大象解法以云在天上未雨象喻等待时机，运势上强调待时而行，事业、经商、求名、婚恋等方面均需耐心等待，积累实力，待时机成熟则可成功。决策上建议积蓄力量，谨慎行动，坦然面对困难，时机成熟后则一帆风顺。
需卦在周易中代表了哪些方面？,需卦在周易中象征着等待与蓄势。此卦由下卦乾（天）和上卦坎（水）组成，代表云升于天，等待雨水降临的意象。卦辞‘有孚，光亨，贞吉。利涉大川’表明，坚守诚信，亨通顺利，问卦必吉，且利于渡过大河。象传‘云上于天，需；君子以饮食宴乐’说明，君子应如云在天，耐心等待，并在等待中保持宴饮安乐的生活态度。《断易天机》指出需卦为坤宫游魂卦，意味着等待时机成熟，虽前有险阻，但耐心涉过大川则利。邵雍认为需卦象征坎陷当前，应等待时机，急进则凶。傅佩荣则强调时机未成熟时需耐心等待，适用于时机、财运、身体等方面。传统解卦认为需卦下乾上坎，刚逢险阻，宜稳健等待，不可冒进。大象解法以云在天上未雨象喻等待时机，运势上强调待时而行，事业、经商、求名、婚恋等方面均需耐心等待，积累实力，待时机成熟则可成功。决策上建议积蓄力量，谨慎行动，坦然面对困难，时机成熟后则一帆风顺。
需卦涉及哪些哲学思想？,需卦在周易中象征着等待与蓄势。此卦由下卦乾（天）和上卦坎（水）组成，代表云升于天，等待雨水降临的意象。卦辞‘有孚，光亨，贞吉。利涉大川’表明，坚守诚信，亨通顺利，问卦必吉，且利于渡过大河。象传‘云上于天，需；君子以饮食宴乐’说明，君子应如云在天，耐心等待，并在等待中保持宴饮安乐的生活态度。《断易天机》指出需卦为坤宫游魂卦，意味着等待时机成熟，虽前有险阻，但耐心涉过大川则利。邵雍认为需卦象征坎陷当前，应等待时机，急进则凶。傅佩荣则强调时机未成熟时需耐心等待，适用于时机、财运、身体等方面。传统解卦认为需卦下乾上坎，刚逢险阻，宜稳健等待，不可冒进。大象解法以云在天上未雨象喻等待时机，运势上强调待时而行，事业、经商、求名、婚恋等方面均需耐心等待，积累实力，待时机成熟则可成功。决策上建议积蓄力量，谨慎行动，坦然面对困难，时机成熟后则一帆风顺。
周易中需卦的象征意义是什么？,需卦在周易中象征着等待与蓄势。此卦由下卦乾（天）和上卦坎（水）组成，代表云升于天，等待雨水降临的意象。卦辞‘有孚，光亨，贞吉。利涉大川’表明，坚守诚信，亨通顺利，问卦必吉，且利于渡过大河。象传‘云上于天，需；君子以饮食宴乐’说明，君子应如云在天，耐心等待，并在等待中保持宴饮安乐的生活态度。《断易天机》指出需卦为坤宫游魂卦，意味着等待时机成熟，虽前有险阻，但耐心涉过大川则利。邵雍认为需卦象征坎陷当前，应等待时机，急进则凶。傅佩荣则强调时机未成熟时需耐心等待，适用于时机、财运、身体等方面。传统解卦认为需卦下乾上坎，刚逢险阻，宜稳健等待，不可冒进。大象解法以云在天上未雨象喻等待时机，运势上强调待时而行，事业、经商、求名、婚恋等方面均需耐心等待，积累实力，待时机成熟则可成功。决策上建议积蓄力量，谨慎行动，坦然面对困难，时机成熟后则一帆风顺。
需卦的主要讲述内容是什么？,需卦在周易中象征着等待与蓄势。此卦由下卦乾（天）和上卦坎（水）组成，代表云升于天，等待雨水降临的意象。卦辞‘有孚，光亨，贞吉。利涉大川’表明，坚守诚信，亨通顺利，问卦必吉，且利于渡过大河。象传‘云上于天，需；君子以饮食宴乐’说明，君子应如云在天，耐心等待，并在等待中保持宴饮安乐的生活态度。《断易天机》指出需卦为坤宫游魂卦，意味着等待时机成熟，虽前有险阻，但耐心涉过大川则利。邵雍认为需卦象征坎陷当前，应等待时机，急进则凶。傅佩荣则强调时机未成熟时需耐心等待，适用于时机、财运、身体等方面。传统解卦认为需卦下乾上坎，刚逢险阻，宜稳健等待，不可冒进。大象解法以云在天上未雨象喻等待时机，运势上强调待时而行，事业、经商、求名、婚恋等方面均需耐心等待，积累实力，待时机成熟则可成功。决策上建议积蓄力量，谨慎行动，坦然面对困难，时机成熟后则一帆风顺。
周易需卦的核心思想是什么？,需卦在周易中象征着等待与蓄势。此卦由下卦乾（天）和上卦坎（水）组成，代表云升于天，等待雨水降临的意象。卦辞‘有孚，光亨，贞吉。利涉大川’表明，坚守诚信，亨通顺利，问卦必吉，且利于渡过大河。象传‘云上于天，需；君子以饮食宴乐’说明，君子应如云在天，耐心等待，并在等待中保持宴饮安乐的生活态度。《断易天机》指出需卦为坤宫游魂卦，意味着等待时机成熟，虽前有险阻，但耐心涉过大川则利。邵雍认为需卦象征坎陷当前，应等待时机，急进则凶。傅佩荣则强调时机未成熟时需耐心等待，适用于时机、财运、身体等方面。传统解卦认为需卦下乾上坎，刚逢险阻，宜稳健等待，不可冒进。大象解法以云在天上未雨象喻等待时机，运势上强调待时而行，事业、经商、求名、婚恋等方面均需耐心等待，积累实力，待时机成熟则可成功。决策上建议积蓄力量，谨慎行动，坦然面对困难，时机成熟后则一帆风顺。
需卦和启蒙教育之间有何联系？,需卦在周易中象征着等待与蓄势。此卦由下卦乾（天）和上卦坎（水）组成，代表云升于天，等待雨水降临的意象。卦辞‘有孚，光亨，贞吉。利涉大川’表明，坚守诚信，亨通顺利，问卦必吉，且利于渡过大河。象传‘云上于天，需；君子以饮食宴乐’说明，君子应如云在天，耐心等待，并在等待中保持宴饮安乐的生活态度。《断易天机》指出需卦为坤宫游魂卦，意味着等待时机成熟，虽前有险阻，但耐心涉过大川则利。邵雍认为需卦象征坎陷当前，应等待时机，急进则凶。傅佩荣则强调时机未成熟时需耐心等待，适用于时机、财运、身体等方面。传统解卦认为需卦下乾上坎，刚逢险阻，宜稳健等待，不可冒进。大象解法以云在天上未雨象喻等待时机，运势上强调待时而行，事业、经商、求名、婚恋等方面均需耐心等待，积累实力，待时机成熟则可成功。决策上建议积蓄力量，谨慎行动，坦然面对困难，时机成熟后则一帆风顺。
在周易中，需卦象征着什么？,需卦在周易中象征着等待与蓄势。此卦由下卦乾（天）和上卦坎（水）组成，代表云升于天，等待雨水降临的意象。卦辞‘有孚，光亨，贞吉。利涉大川’表明，坚守诚信，亨通顺利，问卦必吉，且利于渡过大河。象传‘云上于天，需；君子以饮食宴乐’说明，君子应如云在天，耐心等待，并在等待中保持宴饮安乐的生活态度。《断易天机》指出需卦为坤宫游魂卦，意味着等待时机成熟，虽前有险阻，但耐心涉过大川则利。邵雍认为需卦象征坎陷当前，应等待时机，急进则凶。傅佩荣则强调时机未成熟时需耐心等待，适用于时机、财运、身体等方面。传统解卦认为需卦下乾上坎，刚逢险阻，宜稳健等待，不可冒进。大象解法以云在天上未雨象喻等待时机，运势上强调待时而行，事业、经商、求名、婚恋等方面均需耐心等待，积累实力，待时机成熟则可成功。决策上建议积蓄力量，谨慎行动，坦然面对困难，时机成熟后则一帆风顺。
请描述需卦的含义。,需卦在周易中象征着等待与蓄势。此卦由下卦乾（天）和上卦坎（水）组成，代表云升于天，等待雨水降临的意象。卦辞‘有孚，光亨，贞吉。利涉大川’表明，坚守诚信，亨通顺利，问卦必吉，且利于渡过大河。象传‘云上于天，需；君子以饮食宴乐’说明，君子应如云在天，耐心等待，并在等待中保持宴饮安乐的生活态度。《断易天机》指出需卦为坤宫游魂卦，意味着等待时机成熟，虽前有险阻，但耐心涉过大川则利。邵雍认为需卦象征坎陷当前，应等待时机，急进则凶。傅佩荣则强调时机未成熟时需耐心等待，适用于时机、财运、身体等方面。传统解卦认为需卦下乾上坎，刚逢险阻，宜稳健等待，不可冒进。大象解法以云在天上未雨象喻等待时机，运势上强调待时而行，事业、经商、求名、婚恋等方面均需耐心等待，积累实力，待时机成熟则可成功。决策上建议积蓄力量，谨慎行动，坦然面对困难，时机成熟后则一帆风顺。
需卦在周易哲学中扮演什么角色？,需卦在周易中象征着等待与蓄势。此卦由下卦乾（天）和上卦坎（水）组成，代表云升于天，等待雨水降临的意象。卦辞‘有孚，光亨，贞吉。利涉大川’表明，坚守诚信，亨通顺利，问卦必吉，且利于渡过大河。象传‘云上于天，需；君子以饮食宴乐’说明，君子应如云在天，耐心等待，并在等待中保持宴饮安乐的生活态度。《断易天机》指出需卦为坤宫游魂卦，意味着等待时机成熟，虽前有险阻，但耐心涉过大川则利。邵雍认为需卦象征坎陷当前，应等待时机，急进则凶。傅佩荣则强调时机未成熟时需耐心等待，适用于时机、财运、身体等方面。传统解卦认为需卦下乾上坎，刚逢险阻，宜稳健等待，不可冒进。大象解法以云在天上未雨象喻等待时机，运势上强调待时而行，事业、经商、求名、婚恋等方面均需耐心等待，积累实力，待时机成熟则可成功。决策上建议积蓄力量，谨慎行动，坦然面对困难，时机成熟后则一帆风顺。
讼卦代表什么？,讼卦在周易中代表争讼、诉讼的情境。此卦由上卦乾（天）和下卦坎（水）组成，象征天水相违，流向相背，事理乖舛，从而引发争讼。卦辞指出，虽然有利可图，但需警惕戒惧，中期吉利，但最终可能转为凶险。此卦有利于遇见有德行的大人物，但不利于涉越大河。象辞解释为君子应从卦象中汲取教训，在做事谋事之初就要谨慎小心。《断易天机》认为此卦为离宫游魂卦，上乾刚强，下坎险陷，刚险相争必然导致争讼，多有不吉。邵雍解为天高水深，达远不亲，应慎谋退守，敬畏无凶。傅佩荣认为此卦表示时运功名受阻，财运开始谨慎终可获利，家宅宜求淑女，身体需预防胜于治疗。传统解卦指出此卦为异卦相叠，乾为刚健，坎为险陷，刚与险对立，必然产生争讼。运势上事与愿违，宜防陷阱；事业上起初顺利，但继而受挫，需警惕谨慎，避免固执己见，退而让人以求化解；经商上和气生财，吃亏是福，应坚持公正公平互利原则；求名上不利，应坚守纯正，隐忍自励；婚恋上虽不尽人意，但双方理解可处，应以温和方式处理生活；决策上应避免争强好胜，知足适可而止，接受教训，引以为戒。
周易中的讼卦含义是什么？,讼卦在周易中代表争讼、诉讼的情境。此卦由上卦乾（天）和下卦坎（水）组成，象征天水相违，流向相背，事理乖舛，从而引发争讼。卦辞指出，虽然有利可图，但需警惕戒惧，中期吉利，但最终可能转为凶险。此卦有利于遇见有德行的大人物，但不利于涉越大河。象辞解释为君子应从卦象中汲取教训，在做事谋事之初就要谨慎小心。《断易天机》认为此卦为离宫游魂卦，上乾刚强，下坎险陷，刚险相争必然导致争讼，多有不吉。邵雍解为天高水深，达远不亲，应慎谋退守，敬畏无凶。傅佩荣认为此卦表示时运功名受阻，财运开始谨慎终可获利，家宅宜求淑女，身体需预防胜于治疗。传统解卦指出此卦为异卦相叠，乾为刚健，坎为险陷，刚与险对立，必然产生争讼。运势上事与愿违，宜防陷阱；事业上起初顺利，但继而受挫，需警惕谨慎，避免固执己见，退而让人以求化解；经商上和气生财，吃亏是福，应坚持公正公平互利原则；求名上不利，应坚守纯正，隐忍自励；婚恋上虽不尽人意，但双方理解可处，应以温和方式处理生活；决策上应避免争强好胜，知足适可而止，接受教训，引以为戒。
请解释一下讼卦。,讼卦在周易中代表争讼、诉讼的情境。此卦由上卦乾（天）和下卦坎（水）组成，象征天水相违，流向相背，事理乖舛，从而引发争讼。卦辞指出，虽然有利可图，但需警惕戒惧，中期吉利，但最终可能转为凶险。此卦有利于遇见有德行的大人物，但不利于涉越大河。象辞解释为君子应从卦象中汲取教训，在做事谋事之初就要谨慎小心。《断易天机》认为此卦为离宫游魂卦，上乾刚强，下坎险陷，刚险相争必然导致争讼，多有不吉。邵雍解为天高水深，达远不亲，应慎谋退守，敬畏无凶。傅佩荣认为此卦表示时运功名受阻，财运开始谨慎终可获利，家宅宜求淑女，身体需预防胜于治疗。传统解卦指出此卦为异卦相叠，乾为刚健，坎为险陷，刚与险对立，必然产生争讼。运势上事与愿违，宜防陷阱；事业上起初顺利，但继而受挫，需警惕谨慎，避免固执己见，退而让人以求化解；经商上和气生财，吃亏是福，应坚持公正公平互利原则；求名上不利，应坚守纯正，隐忍自励；婚恋上虽不尽人意，但双方理解可处，应以温和方式处理生活；决策上应避免争强好胜，知足适可而止，接受教训，引以为戒。
讼卦在周易中是什么象征？,讼卦在周易中代表争讼、诉讼的情境。此卦由上卦乾（天）和下卦坎（水）组成，象征天水相违，流向相背，事理乖舛，从而引发争讼。卦辞指出，虽然有利可图，但需警惕戒惧，中期吉利，但最终可能转为凶险。此卦有利于遇见有德行的大人物，但不利于涉越大河。象辞解释为君子应从卦象中汲取教训，在做事谋事之初就要谨慎小心。《断易天机》认为此卦为离宫游魂卦，上乾刚强，下坎险陷，刚险相争必然导致争讼，多有不吉。邵雍解为天高水深，达远不亲，应慎谋退守，敬畏无凶。傅佩荣认为此卦表示时运功名受阻，财运开始谨慎终可获利，家宅宜求淑女，身体需预防胜于治疗。传统解卦指出此卦为异卦相叠，乾为刚健，坎为险陷，刚与险对立，必然产生争讼。运势上事与愿违，宜防陷阱；事业上起初顺利，但继而受挫，需警惕谨慎，避免固执己见，退而让人以求化解；经商上和气生财，吃亏是福，应坚持公正公平互利原则；求名上不利，应坚守纯正，隐忍自励；婚恋上虽不尽人意，但双方理解可处，应以温和方式处理生活；决策上应避免争强好胜，知足适可而止，接受教训，引以为戒。
周易讼卦的深层含义是什么？,讼卦在周易中代表争讼、诉讼的情境。此卦由上卦乾（天）和下卦坎（水）组成，象征天水相违，流向相背，事理乖舛，从而引发争讼。卦辞指出，虽然有利可图，但需警惕戒惧，中期吉利，但最终可能转为凶险。此卦有利于遇见有德行的大人物，但不利于涉越大河。象辞解释为君子应从卦象中汲取教训，在做事谋事之初就要谨慎小心。《断易天机》认为此卦为离宫游魂卦，上乾刚强，下坎险陷，刚险相争必然导致争讼，多有不吉。邵雍解为天高水深，达远不亲，应慎谋退守，敬畏无凶。傅佩荣认为此卦表示时运功名受阻，财运开始谨慎终可获利，家宅宜求淑女，身体需预防胜于治疗。传统解卦指出此卦为异卦相叠，乾为刚健，坎为险陷，刚与险对立，必然产生争讼。运势上事与愿违，宜防陷阱；事业上起初顺利，但继而受挫，需警惕谨慎，避免固执己见，退而让人以求化解；经商上和气生财，吃亏是福，应坚持公正公平互利原则；求名上不利，应坚守纯正，隐忍自励；婚恋上虽不尽人意，但双方理解可处，应以温和方式处理生活；决策上应避免争强好胜，知足适可而止，接受教训，引以为戒。
讼卦和教育启蒙有什么联系？,讼卦在周易中代表争讼、诉讼的情境。此卦由上卦乾（天）和下卦坎（水）组成，象征天水相违，流向相背，事理乖舛，从而引发争讼。卦辞指出，虽然有利可图，但需警惕戒惧，中期吉利，但最终可能转为凶险。此卦有利于遇见有德行的大人物，但不利于涉越大河。象辞解释为君子应从卦象中汲取教训，在做事谋事之初就要谨慎小心。《断易天机》认为此卦为离宫游魂卦，上乾刚强，下坎险陷，刚险相争必然导致争讼，多有不吉。邵雍解为天高水深，达远不亲，应慎谋退守，敬畏无凶。傅佩荣认为此卦表示时运功名受阻，财运开始谨慎终可获利，家宅宜求淑女，身体需预防胜于治疗。传统解卦指出此卦为异卦相叠，乾为刚健，坎为险陷，刚与险对立，必然产生争讼。运势上事与愿违，宜防陷阱；事业上起初顺利，但继而受挫，需警惕谨慎，避免固执己见，退而让人以求化解；经商上和气生财，吃亏是福，应坚持公正公平互利原则；求名上不利，应坚守纯正，隐忍自励；婚恋上虽不尽人意，但双方理解可处，应以温和方式处理生活；决策上应避免争强好胜，知足适可而止，接受教训，引以为戒。
周易的讼卦讲述了什么？,讼卦在周易中代表争讼、诉讼的情境。此卦由上卦乾（天）和下卦坎（水）组成，象征天水相违，流向相背，事理乖舛，从而引发争讼。卦辞指出，虽然有利可图，但需警惕戒惧，中期吉利，但最终可能转为凶险。此卦有利于遇见有德行的大人物，但不利于涉越大河。象辞解释为君子应从卦象中汲取教训，在做事谋事之初就要谨慎小心。《断易天机》认为此卦为离宫游魂卦，上乾刚强，下坎险陷，刚险相争必然导致争讼，多有不吉。邵雍解为天高水深，达远不亲，应慎谋退守，敬畏无凶。傅佩荣认为此卦表示时运功名受阻，财运开始谨慎终可获利，家宅宜求淑女，身体需预防胜于治疗。传统解卦指出此卦为异卦相叠，乾为刚健，坎为险陷，刚与险对立，必然产生争讼。运势上事与愿违，宜防陷阱；事业上起初顺利，但继而受挫，需警惕谨慎，避免固执己见，退而让人以求化解；经商上和气生财，吃亏是福，应坚持公正公平互利原则；求名上不利，应坚守纯正，隐忍自励；婚恋上虽不尽人意，但双方理解可处，应以温和方式处理生活；决策上应避免争强好胜，知足适可而止，接受教训，引以为戒。
讼卦是怎样的一个卦象？,讼卦在周易中代表争讼、诉讼的情境。此卦由上卦乾（天）和下卦坎（水）组成，象征天水相违，流向相背，事理乖舛，从而引发争讼。卦辞指出，虽然有利可图，但需警惕戒惧，中期吉利，但最终可能转为凶险。此卦有利于遇见有德行的大人物，但不利于涉越大河。象辞解释为君子应从卦象中汲取教训，在做事谋事之初就要谨慎小心。《断易天机》认为此卦为离宫游魂卦，上乾刚强，下坎险陷，刚险相争必然导致争讼，多有不吉。邵雍解为天高水深，达远不亲，应慎谋退守，敬畏无凶。傅佩荣认为此卦表示时运功名受阻，财运开始谨慎终可获利，家宅宜求淑女，身体需预防胜于治疗。传统解卦指出此卦为异卦相叠，乾为刚健，坎为险陷，刚与险对立，必然产生争讼。运势上事与愿违，宜防陷阱；事业上起初顺利，但继而受挫，需警惕谨慎，避免固执己见，退而让人以求化解；经商上和气生财，吃亏是福，应坚持公正公平互利原则；求名上不利，应坚守纯正，隐忍自励；婚恋上虽不尽人意，但双方理解可处，应以温和方式处理生活；决策上应避免争强好胜，知足适可而止，接受教训，引以为戒。
讼卦在周易中怎样表达教育的概念？,讼卦在周易中代表争讼、诉讼的情境。此卦由上卦乾（天）和下卦坎（水）组成，象征天水相违，流向相背，事理乖舛，从而引发争讼。卦辞指出，虽然有利可图，但需警惕戒惧，中期吉利，但最终可能转为凶险。此卦有利于遇见有德行的大人物，但不利于涉越大河。象辞解释为君子应从卦象中汲取教训，在做事谋事之初就要谨慎小心。《断易天机》认为此卦为离宫游魂卦，上乾刚强，下坎险陷，刚险相争必然导致争讼，多有不吉。邵雍解为天高水深，达远不亲，应慎谋退守，敬畏无凶。傅佩荣认为此卦表示时运功名受阻，财运开始谨慎终可获利，家宅宜求淑女，身体需预防胜于治疗。传统解卦指出此卦为异卦相叠，乾为刚健，坎为险陷，刚与险对立，必然产生争讼。运势上事与愿违，宜防陷阱；事业上起初顺利，但继而受挫，需警惕谨慎，避免固执己见，退而让人以求化解；经商上和气生财，吃亏是福，应坚持公正公平互利原则；求名上不利，应坚守纯正，隐忍自励；婚恋上虽不尽人意，但双方理解可处，应以温和方式处理生活；决策上应避免争强好胜，知足适可而止，接受教训，引以为戒。
讼卦的基本意义是什么？,讼卦在周易中代表争讼、诉讼的情境。此卦由上卦乾（天）和下卦坎（水）组成，象征天水相违，流向相背，事理乖舛，从而引发争讼。卦辞指出，虽然有利可图，但需警惕戒惧，中期吉利，但最终可能转为凶险。此卦有利于遇见有德行的大人物，但不利于涉越大河。象辞解释为君子应从卦象中汲取教训，在做事谋事之初就要谨慎小心。《断易天机》认为此卦为离宫游魂卦，上乾刚强，下坎险陷，刚险相争必然导致争讼，多有不吉。邵雍解为天高水深，达远不亲，应慎谋退守，敬畏无凶。傅佩荣认为此卦表示时运功名受阻，财运开始谨慎终可获利，家宅宜求淑女，身体需预防胜于治疗。传统解卦指出此卦为异卦相叠，乾为刚健，坎为险陷，刚与险对立，必然产生争讼。运势上事与愿违，宜防陷阱；事业上起初顺利，但继而受挫，需警惕谨慎，避免固执己见，退而让人以求化解；经商上和气生财，吃亏是福，应坚持公正公平互利原则；求名上不利，应坚守纯正，隐忍自励；婚恋上虽不尽人意，但双方理解可处，应以温和方式处理生活；决策上应避免争强好胜，知足适可而止，接受教训，引以为戒。
周易中讼卦的解释是什么？,讼卦在周易中代表争讼、诉讼的情境。此卦由上卦乾（天）和下卦坎（水）组成，象征天水相违，流向相背，事理乖舛，从而引发争讼。卦辞指出，虽然有利可图，但需警惕戒惧，中期吉利，但最终可能转为凶险。此卦有利于遇见有德行的大人物，但不利于涉越大河。象辞解释为君子应从卦象中汲取教训，在做事谋事之初就要谨慎小心。《断易天机》认为此卦为离宫游魂卦，上乾刚强，下坎险陷，刚险相争必然导致争讼，多有不吉。邵雍解为天高水深，达远不亲，应慎谋退守，敬畏无凶。傅佩荣认为此卦表示时运功名受阻，财运开始谨慎终可获利，家宅宜求淑女，身体需预防胜于治疗。传统解卦指出此卦为异卦相叠，乾为刚健，坎为险陷，刚与险对立，必然产生争讼。运势上事与愿违，宜防陷阱；事业上起初顺利，但继而受挫，需警惕谨慎，避免固执己见，退而让人以求化解；经商上和气生财，吃亏是福，应坚持公正公平互利原则；求名上不利，应坚守纯正，隐忍自励；婚恋上虽不尽人意，但双方理解可处，应以温和方式处理生活；决策上应避免争强好胜，知足适可而止，接受教训，引以为戒。
讼卦在周易中代表了哪些方面？,讼卦在周易中代表争讼、诉讼的情境。此卦由上卦乾（天）和下卦坎（水）组成，象征天水相违，流向相背，事理乖舛，从而引发争讼。卦辞指出，虽然有利可图，但需警惕戒惧，中期吉利，但最终可能转为凶险。此卦有利于遇见有德行的大人物，但不利于涉越大河。象辞解释为君子应从卦象中汲取教训，在做事谋事之初就要谨慎小心。《断易天机》认为此卦为离宫游魂卦，上乾刚强，下坎险陷，刚险相争必然导致争讼，多有不吉。邵雍解为天高水深，达远不亲，应慎谋退守，敬畏无凶。傅佩荣认为此卦表示时运功名受阻，财运开始谨慎终可获利，家宅宜求淑女，身体需预防胜于治疗。传统解卦指出此卦为异卦相叠，乾为刚健，坎为险陷，刚与险对立，必然产生争讼。运势上事与愿违，宜防陷阱；事业上起初顺利，但继而受挫，需警惕谨慎，避免固执己见，退而让人以求化解；经商上和气生财，吃亏是福，应坚持公正公平互利原则；求名上不利，应坚守纯正，隐忍自励；婚恋上虽不尽人意，但双方理解可处，应以温和方式处理生活；决策上应避免争强好胜，知足适可而止，接受教训，引以为戒。
讼卦涉及哪些哲学思想？,讼卦在周易中代表争讼、诉讼的情境。此卦由上卦乾（天）和下卦坎（水）组成，象征天水相违，流向相背，事理乖舛，从而引发争讼。卦辞指出，虽然有利可图，但需警惕戒惧，中期吉利，但最终可能转为凶险。此卦有利于遇见有德行的大人物，但不利于涉越大河。象辞解释为君子应从卦象中汲取教训，在做事谋事之初就要谨慎小心。《断易天机》认为此卦为离宫游魂卦，上乾刚强，下坎险陷，刚险相争必然导致争讼，多有不吉。邵雍解为天高水深，达远不亲，应慎谋退守，敬畏无凶。傅佩荣认为此卦表示时运功名受阻，财运开始谨慎终可获利，家宅宜求淑女，身体需预防胜于治疗。传统解卦指出此卦为异卦相叠，乾为刚健，坎为险陷，刚与险对立，必然产生争讼。运势上事与愿违，宜防陷阱；事业上起初顺利，但继而受挫，需警惕谨慎，避免固执己见，退而让人以求化解；经商上和气生财，吃亏是福，应坚持公正公平互利原则；求名上不利，应坚守纯正，隐忍自励；婚恋上虽不尽人意，但双方理解可处，应以温和方式处理生活；决策上应避免争强好胜，知足适可而止，接受教训，引以为戒。
周易中讼卦的象征意义是什么？,讼卦在周易中代表争讼、诉讼的情境。此卦由上卦乾（天）和下卦坎（水）组成，象征天水相违，流向相背，事理乖舛，从而引发争讼。卦辞指出，虽然有利可图，但需警惕戒惧，中期吉利，但最终可能转为凶险。此卦有利于遇见有德行的大人物，但不利于涉越大河。象辞解释为君子应从卦象中汲取教训，在做事谋事之初就要谨慎小心。《断易天机》认为此卦为离宫游魂卦，上乾刚强，下坎险陷，刚险相争必然导致争讼，多有不吉。邵雍解为天高水深，达远不亲，应慎谋退守，敬畏无凶。傅佩荣认为此卦表示时运功名受阻，财运开始谨慎终可获利，家宅宜求淑女，身体需预防胜于治疗。传统解卦指出此卦为异卦相叠，乾为刚健，坎为险陷，刚与险对立，必然产生争讼。运势上事与愿违，宜防陷阱；事业上起初顺利，但继而受挫，需警惕谨慎，避免固执己见，退而让人以求化解；经商上和气生财，吃亏是福，应坚持公正公平互利原则；求名上不利，应坚守纯正，隐忍自励；婚恋上虽不尽人意，但双方理解可处，应以温和方式处理生活；决策上应避免争强好胜，知足适可而止，接受教训，引以为戒。
讼卦的主要讲述内容是什么？,讼卦在周易中代表争讼、诉讼的情境。此卦由上卦乾（天）和下卦坎（水）组成，象征天水相违，流向相背，事理乖舛，从而引发争讼。卦辞指出，虽然有利可图，但需警惕戒惧，中期吉利，但最终可能转为凶险。此卦有利于遇见有德行的大人物，但不利于涉越大河。象辞解释为君子应从卦象中汲取教训，在做事谋事之初就要谨慎小心。《断易天机》认为此卦为离宫游魂卦，上乾刚强，下坎险陷，刚险相争必然导致争讼，多有不吉。邵雍解为天高水深，达远不亲，应慎谋退守，敬畏无凶。傅佩荣认为此卦表示时运功名受阻，财运开始谨慎终可获利，家宅宜求淑女，身体需预防胜于治疗。传统解卦指出此卦为异卦相叠，乾为刚健，坎为险陷，刚与险对立，必然产生争讼。运势上事与愿违，宜防陷阱；事业上起初顺利，但继而受挫，需警惕谨慎，避免固执己见，退而让人以求化解；经商上和气生财，吃亏是福，应坚持公正公平互利原则；求名上不利，应坚守纯正，隐忍自励；婚恋上虽不尽人意，但双方理解可处，应以温和方式处理生活；决策上应避免争强好胜，知足适可而止，接受教训，引以为戒。
周易讼卦的核心思想是什么？,讼卦在周易中代表争讼、诉讼的情境。此卦由上卦乾（天）和下卦坎（水）组成，象征天水相违，流向相背，事理乖舛，从而引发争讼。卦辞指出，虽然有利可图，但需警惕戒惧，中期吉利，但最终可能转为凶险。此卦有利于遇见有德行的大人物，但不利于涉越大河。象辞解释为君子应从卦象中汲取教训，在做事谋事之初就要谨慎小心。《断易天机》认为此卦为离宫游魂卦，上乾刚强，下坎险陷，刚险相争必然导致争讼，多有不吉。邵雍解为天高水深，达远不亲，应慎谋退守，敬畏无凶。傅佩荣认为此卦表示时运功名受阻，财运开始谨慎终可获利，家宅宜求淑女，身体需预防胜于治疗。传统解卦指出此卦为异卦相叠，乾为刚健，坎为险陷，刚与险对立，必然产生争讼。运势上事与愿违，宜防陷阱；事业上起初顺利，但继而受挫，需警惕谨慎，避免固执己见，退而让人以求化解；经商上和气生财，吃亏是福，应坚持公正公平互利原则；求名上不利，应坚守纯正，隐忍自励；婚恋上虽不尽人意，但双方理解可处，应以温和方式处理生活；决策上应避免争强好胜，知足适可而止，接受教训，引以为戒。
讼卦和启蒙教育之间有何联系？,讼卦在周易中代表争讼、诉讼的情境。此卦由上卦乾（天）和下卦坎（水）组成，象征天水相违，流向相背，事理乖舛，从而引发争讼。卦辞指出，虽然有利可图，但需警惕戒惧，中期吉利，但最终可能转为凶险。此卦有利于遇见有德行的大人物，但不利于涉越大河。象辞解释为君子应从卦象中汲取教训，在做事谋事之初就要谨慎小心。《断易天机》认为此卦为离宫游魂卦，上乾刚强，下坎险陷，刚险相争必然导致争讼，多有不吉。邵雍解为天高水深，达远不亲，应慎谋退守，敬畏无凶。傅佩荣认为此卦表示时运功名受阻，财运开始谨慎终可获利，家宅宜求淑女，身体需预防胜于治疗。传统解卦指出此卦为异卦相叠，乾为刚健，坎为险陷，刚与险对立，必然产生争讼。运势上事与愿违，宜防陷阱；事业上起初顺利，但继而受挫，需警惕谨慎，避免固执己见，退而让人以求化解；经商上和气生财，吃亏是福，应坚持公正公平互利原则；求名上不利，应坚守纯正，隐忍自励；婚恋上虽不尽人意，但双方理解可处，应以温和方式处理生活；决策上应避免争强好胜，知足适可而止，接受教训，引以为戒。
在周易中，讼卦象征着什么？,讼卦在周易中代表争讼、诉讼的情境。此卦由上卦乾（天）和下卦坎（水）组成，象征天水相违，流向相背，事理乖舛，从而引发争讼。卦辞指出，虽然有利可图，但需警惕戒惧，中期吉利，但最终可能转为凶险。此卦有利于遇见有德行的大人物，但不利于涉越大河。象辞解释为君子应从卦象中汲取教训，在做事谋事之初就要谨慎小心。《断易天机》认为此卦为离宫游魂卦，上乾刚强，下坎险陷，刚险相争必然导致争讼，多有不吉。邵雍解为天高水深，达远不亲，应慎谋退守，敬畏无凶。傅佩荣认为此卦表示时运功名受阻，财运开始谨慎终可获利，家宅宜求淑女，身体需预防胜于治疗。传统解卦指出此卦为异卦相叠，乾为刚健，坎为险陷，刚与险对立，必然产生争讼。运势上事与愿违，宜防陷阱；事业上起初顺利，但继而受挫，需警惕谨慎，避免固执己见，退而让人以求化解；经商上和气生财，吃亏是福，应坚持公正公平互利原则；求名上不利，应坚守纯正，隐忍自励；婚恋上虽不尽人意，但双方理解可处，应以温和方式处理生活；决策上应避免争强好胜，知足适可而止，接受教训，引以为戒。
请描述讼卦的含义。,讼卦在周易中代表争讼、诉讼的情境。此卦由上卦乾（天）和下卦坎（水）组成，象征天水相违，流向相背，事理乖舛，从而引发争讼。卦辞指出，虽然有利可图，但需警惕戒惧，中期吉利，但最终可能转为凶险。此卦有利于遇见有德行的大人物，但不利于涉越大河。象辞解释为君子应从卦象中汲取教训，在做事谋事之初就要谨慎小心。《断易天机》认为此卦为离宫游魂卦，上乾刚强，下坎险陷，刚险相争必然导致争讼，多有不吉。邵雍解为天高水深，达远不亲，应慎谋退守，敬畏无凶。傅佩荣认为此卦表示时运功名受阻，财运开始谨慎终可获利，家宅宜求淑女，身体需预防胜于治疗。传统解卦指出此卦为异卦相叠，乾为刚健，坎为险陷，刚与险对立，必然产生争讼。运势上事与愿违，宜防陷阱；事业上起初顺利，但继而受挫，需警惕谨慎，避免固执己见，退而让人以求化解；经商上和气生财，吃亏是福，应坚持公正公平互利原则；求名上不利，应坚守纯正，隐忍自励；婚恋上虽不尽人意，但双方理解可处，应以温和方式处理生活；决策上应避免争强好胜，知足适可而止，接受教训，引以为戒。
讼卦在周易哲学中扮演什么角色？,讼卦在周易中代表争讼、诉讼的情境。此卦由上卦乾（天）和下卦坎（水）组成，象征天水相违，流向相背，事理乖舛，从而引发争讼。卦辞指出，虽然有利可图，但需警惕戒惧，中期吉利，但最终可能转为凶险。此卦有利于遇见有德行的大人物，但不利于涉越大河。象辞解释为君子应从卦象中汲取教训，在做事谋事之初就要谨慎小心。《断易天机》认为此卦为离宫游魂卦，上乾刚强，下坎险陷，刚险相争必然导致争讼，多有不吉。邵雍解为天高水深，达远不亲，应慎谋退守，敬畏无凶。傅佩荣认为此卦表示时运功名受阻，财运开始谨慎终可获利，家宅宜求淑女，身体需预防胜于治疗。传统解卦指出此卦为异卦相叠，乾为刚健，坎为险陷，刚与险对立，必然产生争讼。运势上事与愿违，宜防陷阱；事业上起初顺利，但继而受挫，需警惕谨慎，避免固执己见，退而让人以求化解；经商上和气生财，吃亏是福，应坚持公正公平互利原则；求名上不利，应坚守纯正，隐忍自励；婚恋上虽不尽人意，但双方理解可处，应以温和方式处理生活；决策上应避免争强好胜，知足适可而止，接受教训，引以为戒。
师卦代表什么？,师卦，下坎上坤，象征军队和民众。原文‘贞，丈人吉，无咎’指示在正固的情况下，由德高望重的长者统率，则吉祥无咎。卦象‘地中有水’象征包容与畜养大众。邵雍认为此卦代表忧劳大众，需公正无私，排除万难。傅佩荣指出时运宜包容待时，财运需珍惜已有，家宅有喜事。传统解卦强调兵凶战危，但师出有名可化凶为吉。大象辞描述养兵聚众，出师攻伐，有伤难安。运势上需合作谨慎，事业要密切配合，经商需刚毅灵活，求名要严格要求，婚恋宜慎重专注。决策上应迎难而进，但需老成持重，以中正为要。
周易中的师卦含义是什么？,师卦，下坎上坤，象征军队和民众。原文‘贞，丈人吉，无咎’指示在正固的情况下，由德高望重的长者统率，则吉祥无咎。卦象‘地中有水’象征包容与畜养大众。邵雍认为此卦代表忧劳大众，需公正无私，排除万难。傅佩荣指出时运宜包容待时，财运需珍惜已有，家宅有喜事。传统解卦强调兵凶战危，但师出有名可化凶为吉。大象辞描述养兵聚众，出师攻伐，有伤难安。运势上需合作谨慎，事业要密切配合，经商需刚毅灵活，求名要严格要求，婚恋宜慎重专注。决策上应迎难而进，但需老成持重，以中正为要。
请解释一下师卦。,师卦，下坎上坤，象征军队和民众。原文‘贞，丈人吉，无咎’指示在正固的情况下，由德高望重的长者统率，则吉祥无咎。卦象‘地中有水’象征包容与畜养大众。邵雍认为此卦代表忧劳大众，需公正无私，排除万难。傅佩荣指出时运宜包容待时，财运需珍惜已有，家宅有喜事。传统解卦强调兵凶战危，但师出有名可化凶为吉。大象辞描述养兵聚众，出师攻伐，有伤难安。运势上需合作谨慎，事业要密切配合，经商需刚毅灵活，求名要严格要求，婚恋宜慎重专注。决策上应迎难而进，但需老成持重，以中正为要。
师卦在周易中是什么象征？,师卦，下坎上坤，象征军队和民众。原文‘贞，丈人吉，无咎’指示在正固的情况下，由德高望重的长者统率，则吉祥无咎。卦象‘地中有水’象征包容与畜养大众。邵雍认为此卦代表忧劳大众，需公正无私，排除万难。傅佩荣指出时运宜包容待时，财运需珍惜已有，家宅有喜事。传统解卦强调兵凶战危，但师出有名可化凶为吉。大象辞描述养兵聚众，出师攻伐，有伤难安。运势上需合作谨慎，事业要密切配合，经商需刚毅灵活，求名要严格要求，婚恋宜慎重专注。决策上应迎难而进，但需老成持重，以中正为要。
周易师卦的深层含义是什么？,师卦，下坎上坤，象征军队和民众。原文‘贞，丈人吉，无咎’指示在正固的情况下，由德高望重的长者统率，则吉祥无咎。卦象‘地中有水’象征包容与畜养大众。邵雍认为此卦代表忧劳大众，需公正无私，排除万难。傅佩荣指出时运宜包容待时，财运需珍惜已有，家宅有喜事。传统解卦强调兵凶战危，但师出有名可化凶为吉。大象辞描述养兵聚众，出师攻伐，有伤难安。运势上需合作谨慎，事业要密切配合，经商需刚毅灵活，求名要严格要求，婚恋宜慎重专注。决策上应迎难而进，但需老成持重，以中正为要。
师卦和教育启蒙有什么联系？,师卦，下坎上坤，象征军队和民众。原文‘贞，丈人吉，无咎’指示在正固的情况下，由德高望重的长者统率，则吉祥无咎。卦象‘地中有水’象征包容与畜养大众。邵雍认为此卦代表忧劳大众，需公正无私，排除万难。傅佩荣指出时运宜包容待时，财运需珍惜已有，家宅有喜事。传统解卦强调兵凶战危，但师出有名可化凶为吉。大象辞描述养兵聚众，出师攻伐，有伤难安。运势上需合作谨慎，事业要密切配合，经商需刚毅灵活，求名要严格要求，婚恋宜慎重专注。决策上应迎难而进，但需老成持重，以中正为要。
周易的师卦讲述了什么？,师卦，下坎上坤，象征军队和民众。原文‘贞，丈人吉，无咎’指示在正固的情况下，由德高望重的长者统率，则吉祥无咎。卦象‘地中有水’象征包容与畜养大众。邵雍认为此卦代表忧劳大众，需公正无私，排除万难。傅佩荣指出时运宜包容待时，财运需珍惜已有，家宅有喜事。传统解卦强调兵凶战危，但师出有名可化凶为吉。大象辞描述养兵聚众，出师攻伐，有伤难安。运势上需合作谨慎，事业要密切配合，经商需刚毅灵活，求名要严格要求，婚恋宜慎重专注。决策上应迎难而进，但需老成持重，以中正为要。
师卦是怎样的一个卦象？,师卦，下坎上坤，象征军队和民众。原文‘贞，丈人吉，无咎’指示在正固的情况下，由德高望重的长者统率，则吉祥无咎。卦象‘地中有水’象征包容与畜养大众。邵雍认为此卦代表忧劳大众，需公正无私，排除万难。傅佩荣指出时运宜包容待时，财运需珍惜已有，家宅有喜事。传统解卦强调兵凶战危，但师出有名可化凶为吉。大象辞描述养兵聚众，出师攻伐，有伤难安。运势上需合作谨慎，事业要密切配合，经商需刚毅灵活，求名要严格要求，婚恋宜慎重专注。决策上应迎难而进，但需老成持重，以中正为要。
师卦在周易中怎样表达教育的概念？,师卦，下坎上坤，象征军队和民众。原文‘贞，丈人吉，无咎’指示在正固的情况下，由德高望重的长者统率，则吉祥无咎。卦象‘地中有水’象征包容与畜养大众。邵雍认为此卦代表忧劳大众，需公正无私，排除万难。傅佩荣指出时运宜包容待时，财运需珍惜已有，家宅有喜事。传统解卦强调兵凶战危，但师出有名可化凶为吉。大象辞描述养兵聚众，出师攻伐，有伤难安。运势上需合作谨慎，事业要密切配合，经商需刚毅灵活，求名要严格要求，婚恋宜慎重专注。决策上应迎难而进，但需老成持重，以中正为要。
师卦的基本意义是什么？,师卦，下坎上坤，象征军队和民众。原文‘贞，丈人吉，无咎’指示在正固的情况下，由德高望重的长者统率，则吉祥无咎。卦象‘地中有水’象征包容与畜养大众。邵雍认为此卦代表忧劳大众，需公正无私，排除万难。傅佩荣指出时运宜包容待时，财运需珍惜已有，家宅有喜事。传统解卦强调兵凶战危，但师出有名可化凶为吉。大象辞描述养兵聚众，出师攻伐，有伤难安。运势上需合作谨慎，事业要密切配合，经商需刚毅灵活，求名要严格要求，婚恋宜慎重专注。决策上应迎难而进，但需老成持重，以中正为要。
周易中师卦的解释是什么？,师卦，下坎上坤，象征军队和民众。原文‘贞，丈人吉，无咎’指示在正固的情况下，由德高望重的长者统率，则吉祥无咎。卦象‘地中有水’象征包容与畜养大众。邵雍认为此卦代表忧劳大众，需公正无私，排除万难。傅佩荣指出时运宜包容待时，财运需珍惜已有，家宅有喜事。传统解卦强调兵凶战危，但师出有名可化凶为吉。大象辞描述养兵聚众，出师攻伐，有伤难安。运势上需合作谨慎，事业要密切配合，经商需刚毅灵活，求名要严格要求，婚恋宜慎重专注。决策上应迎难而进，但需老成持重，以中正为要。
师卦在周易中代表了哪些方面？,师卦，下坎上坤，象征军队和民众。原文‘贞，丈人吉，无咎’指示在正固的情况下，由德高望重的长者统率，则吉祥无咎。卦象‘地中有水’象征包容与畜养大众。邵雍认为此卦代表忧劳大众，需公正无私，排除万难。傅佩荣指出时运宜包容待时，财运需珍惜已有，家宅有喜事。传统解卦强调兵凶战危，但师出有名可化凶为吉。大象辞描述养兵聚众，出师攻伐，有伤难安。运势上需合作谨慎，事业要密切配合，经商需刚毅灵活，求名要严格要求，婚恋宜慎重专注。决策上应迎难而进，但需老成持重，以中正为要。
师卦涉及哪些哲学思想？,师卦，下坎上坤，象征军队和民众。原文‘贞，丈人吉，无咎’指示在正固的情况下，由德高望重的长者统率，则吉祥无咎。卦象‘地中有水’象征包容与畜养大众。邵雍认为此卦代表忧劳大众，需公正无私，排除万难。傅佩荣指出时运宜包容待时，财运需珍惜已有，家宅有喜事。传统解卦强调兵凶战危，但师出有名可化凶为吉。大象辞描述养兵聚众，出师攻伐，有伤难安。运势上需合作谨慎，事业要密切配合，经商需刚毅灵活，求名要严格要求，婚恋宜慎重专注。决策上应迎难而进，但需老成持重，以中正为要。
周易中师卦的象征意义是什么？,师卦，下坎上坤，象征军队和民众。原文‘贞，丈人吉，无咎’指示在正固的情况下，由德高望重的长者统率，则吉祥无咎。卦象‘地中有水’象征包容与畜养大众。邵雍认为此卦代表忧劳大众，需公正无私，排除万难。傅佩荣指出时运宜包容待时，财运需珍惜已有，家宅有喜事。传统解卦强调兵凶战危，但师出有名可化凶为吉。大象辞描述养兵聚众，出师攻伐，有伤难安。运势上需合作谨慎，事业要密切配合，经商需刚毅灵活，求名要严格要求，婚恋宜慎重专注。决策上应迎难而进，但需老成持重，以中正为要。
师卦的主要讲述内容是什么？,师卦，下坎上坤，象征军队和民众。原文‘贞，丈人吉，无咎’指示在正固的情况下，由德高望重的长者统率，则吉祥无咎。卦象‘地中有水’象征包容与畜养大众。邵雍认为此卦代表忧劳大众，需公正无私，排除万难。傅佩荣指出时运宜包容待时，财运需珍惜已有，家宅有喜事。传统解卦强调兵凶战危，但师出有名可化凶为吉。大象辞描述养兵聚众，出师攻伐，有伤难安。运势上需合作谨慎，事业要密切配合，经商需刚毅灵活，求名要严格要求，婚恋宜慎重专注。决策上应迎难而进，但需老成持重，以中正为要。
周易师卦的核心思想是什么？,师卦，下坎上坤，象征军队和民众。原文‘贞，丈人吉，无咎’指示在正固的情况下，由德高望重的长者统率，则吉祥无咎。卦象‘地中有水’象征包容与畜养大众。邵雍认为此卦代表忧劳大众，需公正无私，排除万难。傅佩荣指出时运宜包容待时，财运需珍惜已有，家宅有喜事。传统解卦强调兵凶战危，但师出有名可化凶为吉。大象辞描述养兵聚众，出师攻伐，有伤难安。运势上需合作谨慎，事业要密切配合，经商需刚毅灵活，求名要严格要求，婚恋宜慎重专注。决策上应迎难而进，但需老成持重，以中正为要。
师卦和启蒙教育之间有何联系？,师卦，下坎上坤，象征军队和民众。原文‘贞，丈人吉，无咎’指示在正固的情况下，由德高望重的长者统率，则吉祥无咎。卦象‘地中有水’象征包容与畜养大众。邵雍认为此卦代表忧劳大众，需公正无私，排除万难。傅佩荣指出时运宜包容待时，财运需珍惜已有，家宅有喜事。传统解卦强调兵凶战危，但师出有名可化凶为吉。大象辞描述养兵聚众，出师攻伐，有伤难安。运势上需合作谨慎，事业要密切配合，经商需刚毅灵活，求名要严格要求，婚恋宜慎重专注。决策上应迎难而进，但需老成持重，以中正为要。
在周易中，师卦象征着什么？,师卦，下坎上坤，象征军队和民众。原文‘贞，丈人吉，无咎’指示在正固的情况下，由德高望重的长者统率，则吉祥无咎。卦象‘地中有水’象征包容与畜养大众。邵雍认为此卦代表忧劳大众，需公正无私，排除万难。傅佩荣指出时运宜包容待时，财运需珍惜已有，家宅有喜事。传统解卦强调兵凶战危，但师出有名可化凶为吉。大象辞描述养兵聚众，出师攻伐，有伤难安。运势上需合作谨慎，事业要密切配合，经商需刚毅灵活，求名要严格要求，婚恋宜慎重专注。决策上应迎难而进，但需老成持重，以中正为要。
请描述师卦的含义。,师卦，下坎上坤，象征军队和民众。原文‘贞，丈人吉，无咎’指示在正固的情况下，由德高望重的长者统率，则吉祥无咎。卦象‘地中有水’象征包容与畜养大众。邵雍认为此卦代表忧劳大众，需公正无私，排除万难。傅佩荣指出时运宜包容待时，财运需珍惜已有，家宅有喜事。传统解卦强调兵凶战危，但师出有名可化凶为吉。大象辞描述养兵聚众，出师攻伐，有伤难安。运势上需合作谨慎，事业要密切配合，经商需刚毅灵活，求名要严格要求，婚恋宜慎重专注。决策上应迎难而进，但需老成持重，以中正为要。
师卦在周易哲学中扮演什么角色？,师卦，下坎上坤，象征军队和民众。原文‘贞，丈人吉，无咎’指示在正固的情况下，由德高望重的长者统率，则吉祥无咎。卦象‘地中有水’象征包容与畜养大众。邵雍认为此卦代表忧劳大众，需公正无私，排除万难。傅佩荣指出时运宜包容待时，财运需珍惜已有，家宅有喜事。传统解卦强调兵凶战危，但师出有名可化凶为吉。大象辞描述养兵聚众，出师攻伐，有伤难安。运势上需合作谨慎，事业要密切配合，经商需刚毅灵活，求名要严格要求，婚恋宜慎重专注。决策上应迎难而进，但需老成持重，以中正为要。
比卦代表什么？,"在周易中，比卦由下坤上坎组成，象征亲近、依附和团结。此卦象为‘地上有水’，寓意水附大地、地纳河海，象征着相互依赖、亲密无间的关系。比卦的核心哲学是强调和谐、信任与互助，认为长期如此将无咎，吉祥。先王观此卦象，取法于水的亲和力，建立万国，亲近诸侯。

比卦在《断易天机》中被解读为相亲相依之意，长久如此则无咎，吉祥。邵雍则解为水行地上，象征亲比欢乐，人情亲顺，百事无忧。傅佩荣认为此卦预示众人相贺，荣显之极，财运亨通，家庭和睦，但需注意身体可能的心腹水肿。

传统解卦指出，比卦与师卦互为综卦，但寓意相反。它阐述的是相亲相辅、宽宏无私、精诚团结的道理。大象方面，一阳统五阴，象征比邻相亲相辅，和乐之象。在运势上，比卦预示平顺，可得贵人提拔，事宜速战速决。事业方面，顺利能成功，向前发展，得他人帮助。经商需密切合作，真诚交往，遵守信义。求名需个人努力及他人赏识。婚恋方面，预示美好姻缘，相亲相爱。决策上，应心地善良，忠诚厚道，选择朋友需谨慎，结交贤者则终身受益。"
周易中的比卦含义是什么？,"在周易中，比卦由下坤上坎组成，象征亲近、依附和团结。此卦象为‘地上有水’，寓意水附大地、地纳河海，象征着相互依赖、亲密无间的关系。比卦的核心哲学是强调和谐、信任与互助，认为长期如此将无咎，吉祥。先王观此卦象，取法于水的亲和力，建立万国，亲近诸侯。

比卦在《断易天机》中被解读为相亲相依之意，长久如此则无咎，吉祥。邵雍则解为水行地上，象征亲比欢乐，人情亲顺，百事无忧。傅佩荣认为此卦预示众人相贺，荣显之极，财运亨通，家庭和睦，但需注意身体可能的心腹水肿。

传统解卦指出，比卦与师卦互为综卦，但寓意相反。它阐述的是相亲相辅、宽宏无私、精诚团结的道理。大象方面，一阳统五阴，象征比邻相亲相辅，和乐之象。在运势上，比卦预示平顺，可得贵人提拔，事宜速战速决。事业方面，顺利能成功，向前发展，得他人帮助。经商需密切合作，真诚交往，遵守信义。求名需个人努力及他人赏识。婚恋方面，预示美好姻缘，相亲相爱。决策上，应心地善良，忠诚厚道，选择朋友需谨慎，结交贤者则终身受益。"
请解释一下比卦。,"在周易中，比卦由下坤上坎组成，象征亲近、依附和团结。此卦象为‘地上有水’，寓意水附大地、地纳河海，象征着相互依赖、亲密无间的关系。比卦的核心哲学是强调和谐、信任与互助，认为长期如此将无咎，吉祥。先王观此卦象，取法于水的亲和力，建立万国，亲近诸侯。

比卦在《断易天机》中被解读为相亲相依之意，长久如此则无咎，吉祥。邵雍则解为水行地上，象征亲比欢乐，人情亲顺，百事无忧。傅佩荣认为此卦预示众人相贺，荣显之极，财运亨通，家庭和睦，但需注意身体可能的心腹水肿。

传统解卦指出，比卦与师卦互为综卦，但寓意相反。它阐述的是相亲相辅、宽宏无私、精诚团结的道理。大象方面，一阳统五阴，象征比邻相亲相辅，和乐之象。在运势上，比卦预示平顺，可得贵人提拔，事宜速战速决。事业方面，顺利能成功，向前发展，得他人帮助。经商需密切合作，真诚交往，遵守信义。求名需个人努力及他人赏识。婚恋方面，预示美好姻缘，相亲相爱。决策上，应心地善良，忠诚厚道，选择朋友需谨慎，结交贤者则终身受益。"
比卦在周易中是什么象征？,"在周易中，比卦由下坤上坎组成，象征亲近、依附和团结。此卦象为‘地上有水’，寓意水附大地、地纳河海，象征着相互依赖、亲密无间的关系。比卦的核心哲学是强调和谐、信任与互助，认为长期如此将无咎，吉祥。先王观此卦象，取法于水的亲和力，建立万国，亲近诸侯。

比卦在《断易天机》中被解读为相亲相依之意，长久如此则无咎，吉祥。邵雍则解为水行地上，象征亲比欢乐，人情亲顺，百事无忧。傅佩荣认为此卦预示众人相贺，荣显之极，财运亨通，家庭和睦，但需注意身体可能的心腹水肿。

传统解卦指出，比卦与师卦互为综卦，但寓意相反。它阐述的是相亲相辅、宽宏无私、精诚团结的道理。大象方面，一阳统五阴，象征比邻相亲相辅，和乐之象。在运势上，比卦预示平顺，可得贵人提拔，事宜速战速决。事业方面，顺利能成功，向前发展，得他人帮助。经商需密切合作，真诚交往，遵守信义。求名需个人努力及他人赏识。婚恋方面，预示美好姻缘，相亲相爱。决策上，应心地善良，忠诚厚道，选择朋友需谨慎，结交贤者则终身受益。"
周易比卦的深层含义是什么？,"在周易中，比卦由下坤上坎组成，象征亲近、依附和团结。此卦象为‘地上有水’，寓意水附大地、地纳河海，象征着相互依赖、亲密无间的关系。比卦的核心哲学是强调和谐、信任与互助，认为长期如此将无咎，吉祥。先王观此卦象，取法于水的亲和力，建立万国，亲近诸侯。

比卦在《断易天机》中被解读为相亲相依之意，长久如此则无咎，吉祥。邵雍则解为水行地上，象征亲比欢乐，人情亲顺，百事无忧。傅佩荣认为此卦预示众人相贺，荣显之极，财运亨通，家庭和睦，但需注意身体可能的心腹水肿。

传统解卦指出，比卦与师卦互为综卦，但寓意相反。它阐述的是相亲相辅、宽宏无私、精诚团结的道理。大象方面，一阳统五阴，象征比邻相亲相辅，和乐之象。在运势上，比卦预示平顺，可得贵人提拔，事宜速战速决。事业方面，顺利能成功，向前发展，得他人帮助。经商需密切合作，真诚交往，遵守信义。求名需个人努力及他人赏识。婚恋方面，预示美好姻缘，相亲相爱。决策上，应心地善良，忠诚厚道，选择朋友需谨慎，结交贤者则终身受益。"
比卦和教育启蒙有什么联系？,"在周易中，比卦由下坤上坎组成，象征亲近、依附和团结。此卦象为‘地上有水’，寓意水附大地、地纳河海，象征着相互依赖、亲密无间的关系。比卦的核心哲学是强调和谐、信任与互助，认为长期如此将无咎，吉祥。先王观此卦象，取法于水的亲和力，建立万国，亲近诸侯。

比卦在《断易天机》中被解读为相亲相依之意，长久如此则无咎，吉祥。邵雍则解为水行地上，象征亲比欢乐，人情亲顺，百事无忧。傅佩荣认为此卦预示众人相贺，荣显之极，财运亨通，家庭和睦，但需注意身体可能的心腹水肿。

传统解卦指出，比卦与师卦互为综卦，但寓意相反。它阐述的是相亲相辅、宽宏无私、精诚团结的道理。大象方面，一阳统五阴，象征比邻相亲相辅，和乐之象。在运势上，比卦预示平顺，可得贵人提拔，事宜速战速决。事业方面，顺利能成功，向前发展，得他人帮助。经商需密切合作，真诚交往，遵守信义。求名需个人努力及他人赏识。婚恋方面，预示美好姻缘，相亲相爱。决策上，应心地善良，忠诚厚道，选择朋友需谨慎，结交贤者则终身受益。"
周易的比卦讲述了什么？,"在周易中，比卦由下坤上坎组成，象征亲近、依附和团结。此卦象为‘地上有水’，寓意水附大地、地纳河海，象征着相互依赖、亲密无间的关系。比卦的核心哲学是强调和谐、信任与互助，认为长期如此将无咎，吉祥。先王观此卦象，取法于水的亲和力，建立万国，亲近诸侯。

比卦在《断易天机》中被解读为相亲相依之意，长久如此则无咎，吉祥。邵雍则解为水行地上，象征亲比欢乐，人情亲顺，百事无忧。傅佩荣认为此卦预示众人相贺，荣显之极，财运亨通，家庭和睦，但需注意身体可能的心腹水肿。

传统解卦指出，比卦与师卦互为综卦，但寓意相反。它阐述的是相亲相辅、宽宏无私、精诚团结的道理。大象方面，一阳统五阴，象征比邻相亲相辅，和乐之象。在运势上，比卦预示平顺，可得贵人提拔，事宜速战速决。事业方面，顺利能成功，向前发展，得他人帮助。经商需密切合作，真诚交往，遵守信义。求名需个人努力及他人赏识。婚恋方面，预示美好姻缘，相亲相爱。决策上，应心地善良，忠诚厚道，选择朋友需谨慎，结交贤者则终身受益。"
比卦是怎样的一个卦象？,"在周易中，比卦由下坤上坎组成，象征亲近、依附和团结。此卦象为‘地上有水’，寓意水附大地、地纳河海，象征着相互依赖、亲密无间的关系。比卦的核心哲学是强调和谐、信任与互助，认为长期如此将无咎，吉祥。先王观此卦象，取法于水的亲和力，建立万国，亲近诸侯。

比卦在《断易天机》中被解读为相亲相依之意，长久如此则无咎，吉祥。邵雍则解为水行地上，象征亲比欢乐，人情亲顺，百事无忧。傅佩荣认为此卦预示众人相贺，荣显之极，财运亨通，家庭和睦，但需注意身体可能的心腹水肿。

传统解卦指出，比卦与师卦互为综卦，但寓意相反。它阐述的是相亲相辅、宽宏无私、精诚团结的道理。大象方面，一阳统五阴，象征比邻相亲相辅，和乐之象。在运势上，比卦预示平顺，可得贵人提拔，事宜速战速决。事业方面，顺利能成功，向前发展，得他人帮助。经商需密切合作，真诚交往，遵守信义。求名需个人努力及他人赏识。婚恋方面，预示美好姻缘，相亲相爱。决策上，应心地善良，忠诚厚道，选择朋友需谨慎，结交贤者则终身受益。"
比卦在周易中怎样表达教育的概念？,"在周易中，比卦由下坤上坎组成，象征亲近、依附和团结。此卦象为‘地上有水’，寓意水附大地、地纳河海，象征着相互依赖、亲密无间的关系。比卦的核心哲学是强调和谐、信任与互助，认为长期如此将无咎，吉祥。先王观此卦象，取法于水的亲和力，建立万国，亲近诸侯。

比卦在《断易天机》中被解读为相亲相依之意，长久如此则无咎，吉祥。邵雍则解为水行地上，象征亲比欢乐，人情亲顺，百事无忧。傅佩荣认为此卦预示众人相贺，荣显之极，财运亨通，家庭和睦，但需注意身体可能的心腹水肿。

传统解卦指出，比卦与师卦互为综卦，但寓意相反。它阐述的是相亲相辅、宽宏无私、精诚团结的道理。大象方面，一阳统五阴，象征比邻相亲相辅，和乐之象。在运势上，比卦预示平顺，可得贵人提拔，事宜速战速决。事业方面，顺利能成功，向前发展，得他人帮助。经商需密切合作，真诚交往，遵守信义。求名需个人努力及他人赏识。婚恋方面，预示美好姻缘，相亲相爱。决策上，应心地善良，忠诚厚道，选择朋友需谨慎，结交贤者则终身受益。"
比卦的基本意义是什么？,"在周易中，比卦由下坤上坎组成，象征亲近、依附和团结。此卦象为‘地上有水’，寓意水附大地、地纳河海，象征着相互依赖、亲密无间的关系。比卦的核心哲学是强调和谐、信任与互助，认为长期如此将无咎，吉祥。先王观此卦象，取法于水的亲和力，建立万国，亲近诸侯。

比卦在《断易天机》中被解读为相亲相依之意，长久如此则无咎，吉祥。邵雍则解为水行地上，象征亲比欢乐，人情亲顺，百事无忧。傅佩荣认为此卦预示众人相贺，荣显之极，财运亨通，家庭和睦，但需注意身体可能的心腹水肿。

传统解卦指出，比卦与师卦互为综卦，但寓意相反。它阐述的是相亲相辅、宽宏无私、精诚团结的道理。大象方面，一阳统五阴，象征比邻相亲相辅，和乐之象。在运势上，比卦预示平顺，可得贵人提拔，事宜速战速决。事业方面，顺利能成功，向前发展，得他人帮助。经商需密切合作，真诚交往，遵守信义。求名需个人努力及他人赏识。婚恋方面，预示美好姻缘，相亲相爱。决策上，应心地善良，忠诚厚道，选择朋友需谨慎，结交贤者则终身受益。"
周易中比卦的解释是什么？,"在周易中，比卦由下坤上坎组成，象征亲近、依附和团结。此卦象为‘地上有水’，寓意水附大地、地纳河海，象征着相互依赖、亲密无间的关系。比卦的核心哲学是强调和谐、信任与互助，认为长期如此将无咎，吉祥。先王观此卦象，取法于水的亲和力，建立万国，亲近诸侯。

比卦在《断易天机》中被解读为相亲相依之意，长久如此则无咎，吉祥。邵雍则解为水行地上，象征亲比欢乐，人情亲顺，百事无忧。傅佩荣认为此卦预示众人相贺，荣显之极，财运亨通，家庭和睦，但需注意身体可能的心腹水肿。

传统解卦指出，比卦与师卦互为综卦，但寓意相反。它阐述的是相亲相辅、宽宏无私、精诚团结的道理。大象方面，一阳统五阴，象征比邻相亲相辅，和乐之象。在运势上，比卦预示平顺，可得贵人提拔，事宜速战速决。事业方面，顺利能成功，向前发展，得他人帮助。经商需密切合作，真诚交往，遵守信义。求名需个人努力及他人赏识。婚恋方面，预示美好姻缘，相亲相爱。决策上，应心地善良，忠诚厚道，选择朋友需谨慎，结交贤者则终身受益。"
比卦在周易中代表了哪些方面？,"在周易中，比卦由下坤上坎组成，象征亲近、依附和团结。此卦象为‘地上有水’，寓意水附大地、地纳河海，象征着相互依赖、亲密无间的关系。比卦的核心哲学是强调和谐、信任与互助，认为长期如此将无咎，吉祥。先王观此卦象，取法于水的亲和力，建立万国，亲近诸侯。

比卦在《断易天机》中被解读为相亲相依之意，长久如此则无咎，吉祥。邵雍则解为水行地上，象征亲比欢乐，人情亲顺，百事无忧。傅佩荣认为此卦预示众人相贺，荣显之极，财运亨通，家庭和睦，但需注意身体可能的心腹水肿。

传统解卦指出，比卦与师卦互为综卦，但寓意相反。它阐述的是相亲相辅、宽宏无私、精诚团结的道理。大象方面，一阳统五阴，象征比邻相亲相辅，和乐之象。在运势上，比卦预示平顺，可得贵人提拔，事宜速战速决。事业方面，顺利能成功，向前发展，得他人帮助。经商需密切合作，真诚交往，遵守信义。求名需个人努力及他人赏识。婚恋方面，预示美好姻缘，相亲相爱。决策上，应心地善良，忠诚厚道，选择朋友需谨慎，结交贤者则终身受益。"
比卦涉及哪些哲学思想？,"在周易中，比卦由下坤上坎组成，象征亲近、依附和团结。此卦象为‘地上有水’，寓意水附大地、地纳河海，象征着相互依赖、亲密无间的关系。比卦的核心哲学是强调和谐、信任与互助，认为长期如此将无咎，吉祥。先王观此卦象，取法于水的亲和力，建立万国，亲近诸侯。

比卦在《断易天机》中被解读为相亲相依之意，长久如此则无咎，吉祥。邵雍则解为水行地上，象征亲比欢乐，人情亲顺，百事无忧。傅佩荣认为此卦预示众人相贺，荣显之极，财运亨通，家庭和睦，但需注意身体可能的心腹水肿。

传统解卦指出，比卦与师卦互为综卦，但寓意相反。它阐述的是相亲相辅、宽宏无私、精诚团结的道理。大象方面，一阳统五阴，象征比邻相亲相辅，和乐之象。在运势上，比卦预示平顺，可得贵人提拔，事宜速战速决。事业方面，顺利能成功，向前发展，得他人帮助。经商需密切合作，真诚交往，遵守信义。求名需个人努力及他人赏识。婚恋方面，预示美好姻缘，相亲相爱。决策上，应心地善良，忠诚厚道，选择朋友需谨慎，结交贤者则终身受益。"
周易中比卦的象征意义是什么？,"在周易中，比卦由下坤上坎组成，象征亲近、依附和团结。此卦象为‘地上有水’，寓意水附大地、地纳河海，象征着相互依赖、亲密无间的关系。比卦的核心哲学是强调和谐、信任与互助，认为长期如此将无咎，吉祥。先王观此卦象，取法于水的亲和力，建立万国，亲近诸侯。

比卦在《断易天机》中被解读为相亲相依之意，长久如此则无咎，吉祥。邵雍则解为水行地上，象征亲比欢乐，人情亲顺，百事无忧。傅佩荣认为此卦预示众人相贺，荣显之极，财运亨通，家庭和睦，但需注意身体可能的心腹水肿。

传统解卦指出，比卦与师卦互为综卦，但寓意相反。它阐述的是相亲相辅、宽宏无私、精诚团结的道理。大象方面，一阳统五阴，象征比邻相亲相辅，和乐之象。在运势上，比卦预示平顺，可得贵人提拔，事宜速战速决。事业方面，顺利能成功，向前发展，得他人帮助。经商需密切合作，真诚交往，遵守信义。求名需个人努力及他人赏识。婚恋方面，预示美好姻缘，相亲相爱。决策上，应心地善良，忠诚厚道，选择朋友需谨慎，结交贤者则终身受益。"
比卦的主要讲述内容是什么？,"在周易中，比卦由下坤上坎组成，象征亲近、依附和团结。此卦象为‘地上有水’，寓意水附大地、地纳河海，象征着相互依赖、亲密无间的关系。比卦的核心哲学是强调和谐、信任与互助，认为长期如此将无咎，吉祥。先王观此卦象，取法于水的亲和力，建立万国，亲近诸侯。

比卦在《断易天机》中被解读为相亲相依之意，长久如此则无咎，吉祥。邵雍则解为水行地上，象征亲比欢乐，人情亲顺，百事无忧。傅佩荣认为此卦预示众人相贺，荣显之极，财运亨通，家庭和睦，但需注意身体可能的心腹水肿。

传统解卦指出，比卦与师卦互为综卦，但寓意相反。它阐述的是相亲相辅、宽宏无私、精诚团结的道理。大象方面，一阳统五阴，象征比邻相亲相辅，和乐之象。在运势上，比卦预示平顺，可得贵人提拔，事宜速战速决。事业方面，顺利能成功，向前发展，得他人帮助。经商需密切合作，真诚交往，遵守信义。求名需个人努力及他人赏识。婚恋方面，预示美好姻缘，相亲相爱。决策上，应心地善良，忠诚厚道，选择朋友需谨慎，结交贤者则终身受益。"
周易比卦的核心思想是什么？,"在周易中，比卦由下坤上坎组成，象征亲近、依附和团结。此卦象为‘地上有水’，寓意水附大地、地纳河海，象征着相互依赖、亲密无间的关系。比卦的核心哲学是强调和谐、信任与互助，认为长期如此将无咎，吉祥。先王观此卦象，取法于水的亲和力，建立万国，亲近诸侯。

比卦在《断易天机》中被解读为相亲相依之意，长久如此则无咎，吉祥。邵雍则解为水行地上，象征亲比欢乐，人情亲顺，百事无忧。傅佩荣认为此卦预示众人相贺，荣显之极，财运亨通，家庭和睦，但需注意身体可能的心腹水肿。

传统解卦指出，比卦与师卦互为综卦，但寓意相反。它阐述的是相亲相辅、宽宏无私、精诚团结的道理。大象方面，一阳统五阴，象征比邻相亲相辅，和乐之象。在运势上，比卦预示平顺，可得贵人提拔，事宜速战速决。事业方面，顺利能成功，向前发展，得他人帮助。经商需密切合作，真诚交往，遵守信义。求名需个人努力及他人赏识。婚恋方面，预示美好姻缘，相亲相爱。决策上，应心地善良，忠诚厚道，选择朋友需谨慎，结交贤者则终身受益。"
比卦和启蒙教育之间有何联系？,"在周易中，比卦由下坤上坎组成，象征亲近、依附和团结。此卦象为‘地上有水’，寓意水附大地、地纳河海，象征着相互依赖、亲密无间的关系。比卦的核心哲学是强调和谐、信任与互助，认为长期如此将无咎，吉祥。先王观此卦象，取法于水的亲和力，建立万国，亲近诸侯。

比卦在《断易天机》中被解读为相亲相依之意，长久如此则无咎，吉祥。邵雍则解为水行地上，象征亲比欢乐，人情亲顺，百事无忧。傅佩荣认为此卦预示众人相贺，荣显之极，财运亨通，家庭和睦，但需注意身体可能的心腹水肿。

传统解卦指出，比卦与师卦互为综卦，但寓意相反。它阐述的是相亲相辅、宽宏无私、精诚团结的道理。大象方面，一阳统五阴，象征比邻相亲相辅，和乐之象。在运势上，比卦预示平顺，可得贵人提拔，事宜速战速决。事业方面，顺利能成功，向前发展，得他人帮助。经商需密切合作，真诚交往，遵守信义。求名需个人努力及他人赏识。婚恋方面，预示美好姻缘，相亲相爱。决策上，应心地善良，忠诚厚道，选择朋友需谨慎，结交贤者则终身受益。"
在周易中，比卦象征着什么？,"在周易中，比卦由下坤上坎组成，象征亲近、依附和团结。此卦象为‘地上有水’，寓意水附大地、地纳河海，象征着相互依赖、亲密无间的关系。比卦的核心哲学是强调和谐、信任与互助，认为长期如此将无咎，吉祥。先王观此卦象，取法于水的亲和力，建立万国，亲近诸侯。

比卦在《断易天机》中被解读为相亲相依之意，长久如此则无咎，吉祥。邵雍则解为水行地上，象征亲比欢乐，人情亲顺，百事无忧。傅佩荣认为此卦预示众人相贺，荣显之极，财运亨通，家庭和睦，但需注意身体可能的心腹水肿。

传统解卦指出，比卦与师卦互为综卦，但寓意相反。它阐述的是相亲相辅、宽宏无私、精诚团结的道理。大象方面，一阳统五阴，象征比邻相亲相辅，和乐之象。在运势上，比卦预示平顺，可得贵人提拔，事宜速战速决。事业方面，顺利能成功，向前发展，得他人帮助。经商需密切合作，真诚交往，遵守信义。求名需个人努力及他人赏识。婚恋方面，预示美好姻缘，相亲相爱。决策上，应心地善良，忠诚厚道，选择朋友需谨慎，结交贤者则终身受益。"
请描述比卦的含义。,"在周易中，比卦由下坤上坎组成，象征亲近、依附和团结。此卦象为‘地上有水’，寓意水附大地、地纳河海，象征着相互依赖、亲密无间的关系。比卦的核心哲学是强调和谐、信任与互助，认为长期如此将无咎，吉祥。先王观此卦象，取法于水的亲和力，建立万国，亲近诸侯。

比卦在《断易天机》中被解读为相亲相依之意，长久如此则无咎，吉祥。邵雍则解为水行地上，象征亲比欢乐，人情亲顺，百事无忧。傅佩荣认为此卦预示众人相贺，荣显之极，财运亨通，家庭和睦，但需注意身体可能的心腹水肿。

传统解卦指出，比卦与师卦互为综卦，但寓意相反。它阐述的是相亲相辅、宽宏无私、精诚团结的道理。大象方面，一阳统五阴，象征比邻相亲相辅，和乐之象。在运势上，比卦预示平顺，可得贵人提拔，事宜速战速决。事业方面，顺利能成功，向前发展，得他人帮助。经商需密切合作，真诚交往，遵守信义。求名需个人努力及他人赏识。婚恋方面，预示美好姻缘，相亲相爱。决策上，应心地善良，忠诚厚道，选择朋友需谨慎，结交贤者则终身受益。"
比卦在周易哲学中扮演什么角色？,"在周易中，比卦由下坤上坎组成，象征亲近、依附和团结。此卦象为‘地上有水’，寓意水附大地、地纳河海，象征着相互依赖、亲密无间的关系。比卦的核心哲学是强调和谐、信任与互助，认为长期如此将无咎，吉祥。先王观此卦象，取法于水的亲和力，建立万国，亲近诸侯。

比卦在《断易天机》中被解读为相亲相依之意，长久如此则无咎，吉祥。邵雍则解为水行地上，象征亲比欢乐，人情亲顺，百事无忧。傅佩荣认为此卦预示众人相贺，荣显之极，财运亨通，家庭和睦，但需注意身体可能的心腹水肿。

传统解卦指出，比卦与师卦互为综卦，但寓意相反。它阐述的是相亲相辅、宽宏无私、精诚团结的道理。大象方面，一阳统五阴，象征比邻相亲相辅，和乐之象。在运势上，比卦预示平顺，可得贵人提拔，事宜速战速决。事业方面，顺利能成功，向前发展，得他人帮助。经商需密切合作，真诚交往，遵守信义。求名需个人努力及他人赏识。婚恋方面，预示美好姻缘，相亲相爱。决策上，应心地善良，忠诚厚道，选择朋友需谨慎，结交贤者则终身受益。"
坤卦代表什么？,坤卦在周易中代表大地，由两个坤卦相叠而成，象征着纯阴之性和顺从。卦辞‘元，亨，利牝马之贞’表明其吉祥亨通，适合雌马般的温顺性情。君子当顺应形势，先经历迷茫后找到依靠，西南方利于交友，东北方则需警惕损失。安贞则吉，强调稳定和厚德载物的重要性。《象辞》以大地承载万物来比喻君子应具备的深厚德行。邵雍强调柔顺静守的重要性，傅佩荣则指出其象征厚道和满载而归的时运。传统解卦认为坤卦代表大地之性，宜顺从天道，以静制动，合作共赢，避免急进和孤立。在事业上需谨言慎行，依赖他人支持；经商应稳健，避免冒险；求名需踏实努力；婚恋中女方柔顺有助于美满姻缘。
周易中的坤卦含义是什么？,坤卦在周易中代表大地，由两个坤卦相叠而成，象征着纯阴之性和顺从。卦辞‘元，亨，利牝马之贞’表明其吉祥亨通，适合雌马般的温顺性情。君子当顺应形势，先经历迷茫后找到依靠，西南方利于交友，东北方则需警惕损失。安贞则吉，强调稳定和厚德载物的重要性。《象辞》以大地承载万物来比喻君子应具备的深厚德行。邵雍强调柔顺静守的重要性，傅佩荣则指出其象征厚道和满载而归的时运。传统解卦认为坤卦代表大地之性，宜顺从天道，以静制动，合作共赢，避免急进和孤立。在事业上需谨言慎行，依赖他人支持；经商应稳健，避免冒险；求名需踏实努力；婚恋中女方柔顺有助于美满姻缘。
请解释一下坤卦。,坤卦在周易中代表大地，由两个坤卦相叠而成，象征着纯阴之性和顺从。卦辞‘元，亨，利牝马之贞’表明其吉祥亨通，适合雌马般的温顺性情。君子当顺应形势，先经历迷茫后找到依靠，西南方利于交友，东北方则需警惕损失。安贞则吉，强调稳定和厚德载物的重要性。《象辞》以大地承载万物来比喻君子应具备的深厚德行。邵雍强调柔顺静守的重要性，傅佩荣则指出其象征厚道和满载而归的时运。传统解卦认为坤卦代表大地之性，宜顺从天道，以静制动，合作共赢，避免急进和孤立。在事业上需谨言慎行，依赖他人支持；经商应稳健，避免冒险；求名需踏实努力；婚恋中女方柔顺有助于美满姻缘。
坤卦在周易中是什么象征？,坤卦在周易中代表大地，由两个坤卦相叠而成，象征着纯阴之性和顺从。卦辞‘元，亨，利牝马之贞’表明其吉祥亨通，适合雌马般的温顺性情。君子当顺应形势，先经历迷茫后找到依靠，西南方利于交友，东北方则需警惕损失。安贞则吉，强调稳定和厚德载物的重要性。《象辞》以大地承载万物来比喻君子应具备的深厚德行。邵雍强调柔顺静守的重要性，傅佩荣则指出其象征厚道和满载而归的时运。传统解卦认为坤卦代表大地之性，宜顺从天道，以静制动，合作共赢，避免急进和孤立。在事业上需谨言慎行，依赖他人支持；经商应稳健，避免冒险；求名需踏实努力；婚恋中女方柔顺有助于美满姻缘。
周易坤卦的深层含义是什么？,坤卦在周易中代表大地，由两个坤卦相叠而成，象征着纯阴之性和顺从。卦辞‘元，亨，利牝马之贞’表明其吉祥亨通，适合雌马般的温顺性情。君子当顺应形势，先经历迷茫后找到依靠，西南方利于交友，东北方则需警惕损失。安贞则吉，强调稳定和厚德载物的重要性。《象辞》以大地承载万物来比喻君子应具备的深厚德行。邵雍强调柔顺静守的重要性，傅佩荣则指出其象征厚道和满载而归的时运。传统解卦认为坤卦代表大地之性，宜顺从天道，以静制动，合作共赢，避免急进和孤立。在事业上需谨言慎行，依赖他人支持；经商应稳健，避免冒险；求名需踏实努力；婚恋中女方柔顺有助于美满姻缘。
坤卦和教育启蒙有什么联系？,坤卦在周易中代表大地，由两个坤卦相叠而成，象征着纯阴之性和顺从。卦辞‘元，亨，利牝马之贞’表明其吉祥亨通，适合雌马般的温顺性情。君子当顺应形势，先经历迷茫后找到依靠，西南方利于交友，东北方则需警惕损失。安贞则吉，强调稳定和厚德载物的重要性。《象辞》以大地承载万物来比喻君子应具备的深厚德行。邵雍强调柔顺静守的重要性，傅佩荣则指出其象征厚道和满载而归的时运。传统解卦认为坤卦代表大地之性，宜顺从天道，以静制动，合作共赢，避免急进和孤立。在事业上需谨言慎行，依赖他人支持；经商应稳健，避免冒险；求名需踏实努力；婚恋中女方柔顺有助于美满姻缘。
周易的坤卦讲述了什么？,坤卦在周易中代表大地，由两个坤卦相叠而成，象征着纯阴之性和顺从。卦辞‘元，亨，利牝马之贞’表明其吉祥亨通，适合雌马般的温顺性情。君子当顺应形势，先经历迷茫后找到依靠，西南方利于交友，东北方则需警惕损失。安贞则吉，强调稳定和厚德载物的重要性。《象辞》以大地承载万物来比喻君子应具备的深厚德行。邵雍强调柔顺静守的重要性，傅佩荣则指出其象征厚道和满载而归的时运。传统解卦认为坤卦代表大地之性，宜顺从天道，以静制动，合作共赢，避免急进和孤立。在事业上需谨言慎行，依赖他人支持；经商应稳健，避免冒险；求名需踏实努力；婚恋中女方柔顺有助于美满姻缘。
坤卦是怎样的一个卦象？,坤卦在周易中代表大地，由两个坤卦相叠而成，象征着纯阴之性和顺从。卦辞‘元，亨，利牝马之贞’表明其吉祥亨通，适合雌马般的温顺性情。君子当顺应形势，先经历迷茫后找到依靠，西南方利于交友，东北方则需警惕损失。安贞则吉，强调稳定和厚德载物的重要性。《象辞》以大地承载万物来比喻君子应具备的深厚德行。邵雍强调柔顺静守的重要性，傅佩荣则指出其象征厚道和满载而归的时运。传统解卦认为坤卦代表大地之性，宜顺从天道，以静制动，合作共赢，避免急进和孤立。在事业上需谨言慎行，依赖他人支持；经商应稳健，避免冒险；求名需踏实努力；婚恋中女方柔顺有助于美满姻缘。
坤卦在周易中怎样表达教育的概念？,坤卦在周易中代表大地，由两个坤卦相叠而成，象征着纯阴之性和顺从。卦辞‘元，亨，利牝马之贞’表明其吉祥亨通，适合雌马般的温顺性情。君子当顺应形势，先经历迷茫后找到依靠，西南方利于交友，东北方则需警惕损失。安贞则吉，强调稳定和厚德载物的重要性。《象辞》以大地承载万物来比喻君子应具备的深厚德行。邵雍强调柔顺静守的重要性，傅佩荣则指出其象征厚道和满载而归的时运。传统解卦认为坤卦代表大地之性，宜顺从天道，以静制动，合作共赢，避免急进和孤立。在事业上需谨言慎行，依赖他人支持；经商应稳健，避免冒险；求名需踏实努力；婚恋中女方柔顺有助于美满姻缘。
坤卦的基本意义是什么？,坤卦在周易中代表大地，由两个坤卦相叠而成，象征着纯阴之性和顺从。卦辞‘元，亨，利牝马之贞’表明其吉祥亨通，适合雌马般的温顺性情。君子当顺应形势，先经历迷茫后找到依靠，西南方利于交友，东北方则需警惕损失。安贞则吉，强调稳定和厚德载物的重要性。《象辞》以大地承载万物来比喻君子应具备的深厚德行。邵雍强调柔顺静守的重要性，傅佩荣则指出其象征厚道和满载而归的时运。传统解卦认为坤卦代表大地之性，宜顺从天道，以静制动，合作共赢，避免急进和孤立。在事业上需谨言慎行，依赖他人支持；经商应稳健，避免冒险；求名需踏实努力；婚恋中女方柔顺有助于美满姻缘。
周易中坤卦的解释是什么？,坤卦在周易中代表大地，由两个坤卦相叠而成，象征着纯阴之性和顺从。卦辞‘元，亨，利牝马之贞’表明其吉祥亨通，适合雌马般的温顺性情。君子当顺应形势，先经历迷茫后找到依靠，西南方利于交友，东北方则需警惕损失。安贞则吉，强调稳定和厚德载物的重要性。《象辞》以大地承载万物来比喻君子应具备的深厚德行。邵雍强调柔顺静守的重要性，傅佩荣则指出其象征厚道和满载而归的时运。传统解卦认为坤卦代表大地之性，宜顺从天道，以静制动，合作共赢，避免急进和孤立。在事业上需谨言慎行，依赖他人支持；经商应稳健，避免冒险；求名需踏实努力；婚恋中女方柔顺有助于美满姻缘。
坤卦在周易中代表了哪些方面？,坤卦在周易中代表大地，由两个坤卦相叠而成，象征着纯阴之性和顺从。卦辞‘元，亨，利牝马之贞’表明其吉祥亨通，适合雌马般的温顺性情。君子当顺应形势，先经历迷茫后找到依靠，西南方利于交友，东北方则需警惕损失。安贞则吉，强调稳定和厚德载物的重要性。《象辞》以大地承载万物来比喻君子应具备的深厚德行。邵雍强调柔顺静守的重要性，傅佩荣则指出其象征厚道和满载而归的时运。传统解卦认为坤卦代表大地之性，宜顺从天道，以静制动，合作共赢，避免急进和孤立。在事业上需谨言慎行，依赖他人支持；经商应稳健，避免冒险；求名需踏实努力；婚恋中女方柔顺有助于美满姻缘。
坤卦涉及哪些哲学思想？,坤卦在周易中代表大地，由两个坤卦相叠而成，象征着纯阴之性和顺从。卦辞‘元，亨，利牝马之贞’表明其吉祥亨通，适合雌马般的温顺性情。君子当顺应形势，先经历迷茫后找到依靠，西南方利于交友，东北方则需警惕损失。安贞则吉，强调稳定和厚德载物的重要性。《象辞》以大地承载万物来比喻君子应具备的深厚德行。邵雍强调柔顺静守的重要性，傅佩荣则指出其象征厚道和满载而归的时运。传统解卦认为坤卦代表大地之性，宜顺从天道，以静制动，合作共赢，避免急进和孤立。在事业上需谨言慎行，依赖他人支持；经商应稳健，避免冒险；求名需踏实努力；婚恋中女方柔顺有助于美满姻缘。
周易中坤卦的象征意义是什么？,坤卦在周易中代表大地，由两个坤卦相叠而成，象征着纯阴之性和顺从。卦辞‘元，亨，利牝马之贞’表明其吉祥亨通，适合雌马般的温顺性情。君子当顺应形势，先经历迷茫后找到依靠，西南方利于交友，东北方则需警惕损失。安贞则吉，强调稳定和厚德载物的重要性。《象辞》以大地承载万物来比喻君子应具备的深厚德行。邵雍强调柔顺静守的重要性，傅佩荣则指出其象征厚道和满载而归的时运。传统解卦认为坤卦代表大地之性，宜顺从天道，以静制动，合作共赢，避免急进和孤立。在事业上需谨言慎行，依赖他人支持；经商应稳健，避免冒险；求名需踏实努力；婚恋中女方柔顺有助于美满姻缘。
坤卦的主要讲述内容是什么？,坤卦在周易中代表大地，由两个坤卦相叠而成，象征着纯阴之性和顺从。卦辞‘元，亨，利牝马之贞’表明其吉祥亨通，适合雌马般的温顺性情。君子当顺应形势，先经历迷茫后找到依靠，西南方利于交友，东北方则需警惕损失。安贞则吉，强调稳定和厚德载物的重要性。《象辞》以大地承载万物来比喻君子应具备的深厚德行。邵雍强调柔顺静守的重要性，傅佩荣则指出其象征厚道和满载而归的时运。传统解卦认为坤卦代表大地之性，宜顺从天道，以静制动，合作共赢，避免急进和孤立。在事业上需谨言慎行，依赖他人支持；经商应稳健，避免冒险；求名需踏实努力；婚恋中女方柔顺有助于美满姻缘。
周易坤卦的核心思想是什么？,坤卦在周易中代表大地，由两个坤卦相叠而成，象征着纯阴之性和顺从。卦辞‘元，亨，利牝马之贞’表明其吉祥亨通，适合雌马般的温顺性情。君子当顺应形势，先经历迷茫后找到依靠，西南方利于交友，东北方则需警惕损失。安贞则吉，强调稳定和厚德载物的重要性。《象辞》以大地承载万物来比喻君子应具备的深厚德行。邵雍强调柔顺静守的重要性，傅佩荣则指出其象征厚道和满载而归的时运。传统解卦认为坤卦代表大地之性，宜顺从天道，以静制动，合作共赢，避免急进和孤立。在事业上需谨言慎行，依赖他人支持；经商应稳健，避免冒险；求名需踏实努力；婚恋中女方柔顺有助于美满姻缘。
坤卦和启蒙教育之间有何联系？,坤卦在周易中代表大地，由两个坤卦相叠而成，象征着纯阴之性和顺从。卦辞‘元，亨，利牝马之贞’表明其吉祥亨通，适合雌马般的温顺性情。君子当顺应形势，先经历迷茫后找到依靠，西南方利于交友，东北方则需警惕损失。安贞则吉，强调稳定和厚德载物的重要性。《象辞》以大地承载万物来比喻君子应具备的深厚德行。邵雍强调柔顺静守的重要性，傅佩荣则指出其象征厚道和满载而归的时运。传统解卦认为坤卦代表大地之性，宜顺从天道，以静制动，合作共赢，避免急进和孤立。在事业上需谨言慎行，依赖他人支持；经商应稳健，避免冒险；求名需踏实努力；婚恋中女方柔顺有助于美满姻缘。
在周易中，坤卦象征着什么？,坤卦在周易中代表大地，由两个坤卦相叠而成，象征着纯阴之性和顺从。卦辞‘元，亨，利牝马之贞’表明其吉祥亨通，适合雌马般的温顺性情。君子当顺应形势，先经历迷茫后找到依靠，西南方利于交友，东北方则需警惕损失。安贞则吉，强调稳定和厚德载物的重要性。《象辞》以大地承载万物来比喻君子应具备的深厚德行。邵雍强调柔顺静守的重要性，傅佩荣则指出其象征厚道和满载而归的时运。传统解卦认为坤卦代表大地之性，宜顺从天道，以静制动，合作共赢，避免急进和孤立。在事业上需谨言慎行，依赖他人支持；经商应稳健，避免冒险；求名需踏实努力；婚恋中女方柔顺有助于美满姻缘。
请描述坤卦的含义。,坤卦在周易中代表大地，由两个坤卦相叠而成，象征着纯阴之性和顺从。卦辞‘元，亨，利牝马之贞’表明其吉祥亨通，适合雌马般的温顺性情。君子当顺应形势，先经历迷茫后找到依靠，西南方利于交友，东北方则需警惕损失。安贞则吉，强调稳定和厚德载物的重要性。《象辞》以大地承载万物来比喻君子应具备的深厚德行。邵雍强调柔顺静守的重要性，傅佩荣则指出其象征厚道和满载而归的时运。传统解卦认为坤卦代表大地之性，宜顺从天道，以静制动，合作共赢，避免急进和孤立。在事业上需谨言慎行，依赖他人支持；经商应稳健，避免冒险；求名需踏实努力；婚恋中女方柔顺有助于美满姻缘。
坤卦在周易哲学中扮演什么角色？,坤卦在周易中代表大地，由两个坤卦相叠而成，象征着纯阴之性和顺从。卦辞‘元，亨，利牝马之贞’表明其吉祥亨通，适合雌马般的温顺性情。君子当顺应形势，先经历迷茫后找到依靠，西南方利于交友，东北方则需警惕损失。安贞则吉，强调稳定和厚德载物的重要性。《象辞》以大地承载万物来比喻君子应具备的深厚德行。邵雍强调柔顺静守的重要性，傅佩荣则指出其象征厚道和满载而归的时运。传统解卦认为坤卦代表大地之性，宜顺从天道，以静制动，合作共赢，避免急进和孤立。在事业上需谨言慎行，依赖他人支持；经商应稳健，避免冒险；求名需踏实努力；婚恋中女方柔顺有助于美满姻缘。
乾卦代表什么？,乾卦是《易经》六十四卦之首，由六阳爻组成，象征天，代表刚健、旺盛和纯粹阳性。卦辞‘元、亨、利、贞’表示吉祥如意，教导人遵守天道的德行。‘象曰：天行健，君子以自强不息’强调天道刚健运行不息，君子应效法天道，不断自我完善。邵雍认为乾卦象征刚健旺盛，但需谨防过强；傅佩荣则指出临事刚健，自强不息，且施比受有福。传统解卦认为乾卦象征天和龙，代表纯粹阳刚，需行正道方得长久。在运势上，乾卦象征飞龙在天，名利双收，但盛极必衰，需警惕骄傲，保持冷静。事业上象征大吉大利，但需注意谨慎；经商上顺利但有风险，宜把握时机；求名上需克服骄傲，进业修德；婚恋上阳盛阴衰，但刚柔可济；决策上可成就大事，需坚持刚健正直，自强不息。
周易中的乾卦含义是什么？,乾卦是《易经》六十四卦之首，由六阳爻组成，象征天，代表刚健、旺盛和纯粹阳性。卦辞‘元、亨、利、贞’表示吉祥如意，教导人遵守天道的德行。‘象曰：天行健，君子以自强不息’强调天道刚健运行不息，君子应效法天道，不断自我完善。邵雍认为乾卦象征刚健旺盛，但需谨防过强；傅佩荣则指出临事刚健，自强不息，且施比受有福。传统解卦认为乾卦象征天和龙，代表纯粹阳刚，需行正道方得长久。在运势上，乾卦象征飞龙在天，名利双收，但盛极必衰，需警惕骄傲，保持冷静。事业上象征大吉大利，但需注意谨慎；经商上顺利但有风险，宜把握时机；求名上需克服骄傲，进业修德；婚恋上阳盛阴衰，但刚柔可济；决策上可成就大事，需坚持刚健正直，自强不息。
请解释一下乾卦。,乾卦是《易经》六十四卦之首，由六阳爻组成，象征天，代表刚健、旺盛和纯粹阳性。卦辞‘元、亨、利、贞’表示吉祥如意，教导人遵守天道的德行。‘象曰：天行健，君子以自强不息’强调天道刚健运行不息，君子应效法天道，不断自我完善。邵雍认为乾卦象征刚健旺盛，但需谨防过强；傅佩荣则指出临事刚健，自强不息，且施比受有福。传统解卦认为乾卦象征天和龙，代表纯粹阳刚，需行正道方得长久。在运势上，乾卦象征飞龙在天，名利双收，但盛极必衰，需警惕骄傲，保持冷静。事业上象征大吉大利，但需注意谨慎；经商上顺利但有风险，宜把握时机；求名上需克服骄傲，进业修德；婚恋上阳盛阴衰，但刚柔可济；决策上可成就大事，需坚持刚健正直，自强不息。
乾卦在周易中是什么象征？,乾卦是《易经》六十四卦之首，由六阳爻组成，象征天，代表刚健、旺盛和纯粹阳性。卦辞‘元、亨、利、贞’表示吉祥如意，教导人遵守天道的德行。‘象曰：天行健，君子以自强不息’强调天道刚健运行不息，君子应效法天道，不断自我完善。邵雍认为乾卦象征刚健旺盛，但需谨防过强；傅佩荣则指出临事刚健，自强不息，且施比受有福。传统解卦认为乾卦象征天和龙，代表纯粹阳刚，需行正道方得长久。在运势上，乾卦象征飞龙在天，名利双收，但盛极必衰，需警惕骄傲，保持冷静。事业上象征大吉大利，但需注意谨慎；经商上顺利但有风险，宜把握时机；求名上需克服骄傲，进业修德；婚恋上阳盛阴衰，但刚柔可济；决策上可成就大事，需坚持刚健正直，自强不息。
周易乾卦的深层含义是什么？,乾卦是《易经》六十四卦之首，由六阳爻组成，象征天，代表刚健、旺盛和纯粹阳性。卦辞‘元、亨、利、贞’表示吉祥如意，教导人遵守天道的德行。‘象曰：天行健，君子以自强不息’强调天道刚健运行不息，君子应效法天道，不断自我完善。邵雍认为乾卦象征刚健旺盛，但需谨防过强；傅佩荣则指出临事刚健，自强不息，且施比受有福。传统解卦认为乾卦象征天和龙，代表纯粹阳刚，需行正道方得长久。在运势上，乾卦象征飞龙在天，名利双收，但盛极必衰，需警惕骄傲，保持冷静。事业上象征大吉大利，但需注意谨慎；经商上顺利但有风险，宜把握时机；求名上需克服骄傲，进业修德；婚恋上阳盛阴衰，但刚柔可济；决策上可成就大事，需坚持刚健正直，自强不息。
乾卦和教育启蒙有什么联系？,乾卦是《易经》六十四卦之首，由六阳爻组成，象征天，代表刚健、旺盛和纯粹阳性。卦辞‘元、亨、利、贞’表示吉祥如意，教导人遵守天道的德行。‘象曰：天行健，君子以自强不息’强调天道刚健运行不息，君子应效法天道，不断自我完善。邵雍认为乾卦象征刚健旺盛，但需谨防过强；傅佩荣则指出临事刚健，自强不息，且施比受有福。传统解卦认为乾卦象征天和龙，代表纯粹阳刚，需行正道方得长久。在运势上，乾卦象征飞龙在天，名利双收，但盛极必衰，需警惕骄傲，保持冷静。事业上象征大吉大利，但需注意谨慎；经商上顺利但有风险，宜把握时机；求名上需克服骄傲，进业修德；婚恋上阳盛阴衰，但刚柔可济；决策上可成就大事，需坚持刚健正直，自强不息。
周易的乾卦讲述了什么？,乾卦是《易经》六十四卦之首，由六阳爻组成，象征天，代表刚健、旺盛和纯粹阳性。卦辞‘元、亨、利、贞’表示吉祥如意，教导人遵守天道的德行。‘象曰：天行健，君子以自强不息’强调天道刚健运行不息，君子应效法天道，不断自我完善。邵雍认为乾卦象征刚健旺盛，但需谨防过强；傅佩荣则指出临事刚健，自强不息，且施比受有福。传统解卦认为乾卦象征天和龙，代表纯粹阳刚，需行正道方得长久。在运势上，乾卦象征飞龙在天，名利双收，但盛极必衰，需警惕骄傲，保持冷静。事业上象征大吉大利，但需注意谨慎；经商上顺利但有风险，宜把握时机；求名上需克服骄傲，进业修德；婚恋上阳盛阴衰，但刚柔可济；决策上可成就大事，需坚持刚健正直，自强不息。
乾卦是怎样的一个卦象？,乾卦是《易经》六十四卦之首，由六阳爻组成，象征天，代表刚健、旺盛和纯粹阳性。卦辞‘元、亨、利、贞’表示吉祥如意，教导人遵守天道的德行。‘象曰：天行健，君子以自强不息’强调天道刚健运行不息，君子应效法天道，不断自我完善。邵雍认为乾卦象征刚健旺盛，但需谨防过强；傅佩荣则指出临事刚健，自强不息，且施比受有福。传统解卦认为乾卦象征天和龙，代表纯粹阳刚，需行正道方得长久。在运势上，乾卦象征飞龙在天，名利双收，但盛极必衰，需警惕骄傲，保持冷静。事业上象征大吉大利，但需注意谨慎；经商上顺利但有风险，宜把握时机；求名上需克服骄傲，进业修德；婚恋上阳盛阴衰，但刚柔可济；决策上可成就大事，需坚持刚健正直，自强不息。
乾卦在周易中怎样表达教育的概念？,乾卦是《易经》六十四卦之首，由六阳爻组成，象征天，代表刚健、旺盛和纯粹阳性。卦辞‘元、亨、利、贞’表示吉祥如意，教导人遵守天道的德行。‘象曰：天行健，君子以自强不息’强调天道刚健运行不息，君子应效法天道，不断自我完善。邵雍认为乾卦象征刚健旺盛，但需谨防过强；傅佩荣则指出临事刚健，自强不息，且施比受有福。传统解卦认为乾卦象征天和龙，代表纯粹阳刚，需行正道方得长久。在运势上，乾卦象征飞龙在天，名利双收，但盛极必衰，需警惕骄傲，保持冷静。事业上象征大吉大利，但需注意谨慎；经商上顺利但有风险，宜把握时机；求名上需克服骄傲，进业修德；婚恋上阳盛阴衰，但刚柔可济；决策上可成就大事，需坚持刚健正直，自强不息。
乾卦的基本意义是什么？,乾卦是《易经》六十四卦之首，由六阳爻组成，象征天，代表刚健、旺盛和纯粹阳性。卦辞‘元、亨、利、贞’表示吉祥如意，教导人遵守天道的德行。‘象曰：天行健，君子以自强不息’强调天道刚健运行不息，君子应效法天道，不断自我完善。邵雍认为乾卦象征刚健旺盛，但需谨防过强；傅佩荣则指出临事刚健，自强不息，且施比受有福。传统解卦认为乾卦象征天和龙，代表纯粹阳刚，需行正道方得长久。在运势上，乾卦象征飞龙在天，名利双收，但盛极必衰，需警惕骄傲，保持冷静。事业上象征大吉大利，但需注意谨慎；经商上顺利但有风险，宜把握时机；求名上需克服骄傲，进业修德；婚恋上阳盛阴衰，但刚柔可济；决策上可成就大事，需坚持刚健正直，自强不息。
周易中乾卦的解释是什么？,乾卦是《易经》六十四卦之首，由六阳爻组成，象征天，代表刚健、旺盛和纯粹阳性。卦辞‘元、亨、利、贞’表示吉祥如意，教导人遵守天道的德行。‘象曰：天行健，君子以自强不息’强调天道刚健运行不息，君子应效法天道，不断自我完善。邵雍认为乾卦象征刚健旺盛，但需谨防过强；傅佩荣则指出临事刚健，自强不息，且施比受有福。传统解卦认为乾卦象征天和龙，代表纯粹阳刚，需行正道方得长久。在运势上，乾卦象征飞龙在天，名利双收，但盛极必衰，需警惕骄傲，保持冷静。事业上象征大吉大利，但需注意谨慎；经商上顺利但有风险，宜把握时机；求名上需克服骄傲，进业修德；婚恋上阳盛阴衰，但刚柔可济；决策上可成就大事，需坚持刚健正直，自强不息。
乾卦在周易中代表了哪些方面？,乾卦是《易经》六十四卦之首，由六阳爻组成，象征天，代表刚健、旺盛和纯粹阳性。卦辞‘元、亨、利、贞’表示吉祥如意，教导人遵守天道的德行。‘象曰：天行健，君子以自强不息’强调天道刚健运行不息，君子应效法天道，不断自我完善。邵雍认为乾卦象征刚健旺盛，但需谨防过强；傅佩荣则指出临事刚健，自强不息，且施比受有福。传统解卦认为乾卦象征天和龙，代表纯粹阳刚，需行正道方得长久。在运势上，乾卦象征飞龙在天，名利双收，但盛极必衰，需警惕骄傲，保持冷静。事业上象征大吉大利，但需注意谨慎；经商上顺利但有风险，宜把握时机；求名上需克服骄傲，进业修德；婚恋上阳盛阴衰，但刚柔可济；决策上可成就大事，需坚持刚健正直，自强不息。
乾卦涉及哪些哲学思想？,乾卦是《易经》六十四卦之首，由六阳爻组成，象征天，代表刚健、旺盛和纯粹阳性。卦辞‘元、亨、利、贞’表示吉祥如意，教导人遵守天道的德行。‘象曰：天行健，君子以自强不息’强调天道刚健运行不息，君子应效法天道，不断自我完善。邵雍认为乾卦象征刚健旺盛，但需谨防过强；傅佩荣则指出临事刚健，自强不息，且施比受有福。传统解卦认为乾卦象征天和龙，代表纯粹阳刚，需行正道方得长久。在运势上，乾卦象征飞龙在天，名利双收，但盛极必衰，需警惕骄傲，保持冷静。事业上象征大吉大利，但需注意谨慎；经商上顺利但有风险，宜把握时机；求名上需克服骄傲，进业修德；婚恋上阳盛阴衰，但刚柔可济；决策上可成就大事，需坚持刚健正直，自强不息。
周易中乾卦的象征意义是什么？,乾卦是《易经》六十四卦之首，由六阳爻组成，象征天，代表刚健、旺盛和纯粹阳性。卦辞‘元、亨、利、贞’表示吉祥如意，教导人遵守天道的德行。‘象曰：天行健，君子以自强不息’强调天道刚健运行不息，君子应效法天道，不断自我完善。邵雍认为乾卦象征刚健旺盛，但需谨防过强；傅佩荣则指出临事刚健，自强不息，且施比受有福。传统解卦认为乾卦象征天和龙，代表纯粹阳刚，需行正道方得长久。在运势上，乾卦象征飞龙在天，名利双收，但盛极必衰，需警惕骄傲，保持冷静。事业上象征大吉大利，但需注意谨慎；经商上顺利但有风险，宜把握时机；求名上需克服骄傲，进业修德；婚恋上阳盛阴衰，但刚柔可济；决策上可成就大事，需坚持刚健正直，自强不息。
乾卦的主要讲述内容是什么？,乾卦是《易经》六十四卦之首，由六阳爻组成，象征天，代表刚健、旺盛和纯粹阳性。卦辞‘元、亨、利、贞’表示吉祥如意，教导人遵守天道的德行。‘象曰：天行健，君子以自强不息’强调天道刚健运行不息，君子应效法天道，不断自我完善。邵雍认为乾卦象征刚健旺盛，但需谨防过强；傅佩荣则指出临事刚健，自强不息，且施比受有福。传统解卦认为乾卦象征天和龙，代表纯粹阳刚，需行正道方得长久。在运势上，乾卦象征飞龙在天，名利双收，但盛极必衰，需警惕骄傲，保持冷静。事业上象征大吉大利，但需注意谨慎；经商上顺利但有风险，宜把握时机；求名上需克服骄傲，进业修德；婚恋上阳盛阴衰，但刚柔可济；决策上可成就大事，需坚持刚健正直，自强不息。
周易乾卦的核心思想是什么？,乾卦是《易经》六十四卦之首，由六阳爻组成，象征天，代表刚健、旺盛和纯粹阳性。卦辞‘元、亨、利、贞’表示吉祥如意，教导人遵守天道的德行。‘象曰：天行健，君子以自强不息’强调天道刚健运行不息，君子应效法天道，不断自我完善。邵雍认为乾卦象征刚健旺盛，但需谨防过强；傅佩荣则指出临事刚健，自强不息，且施比受有福。传统解卦认为乾卦象征天和龙，代表纯粹阳刚，需行正道方得长久。在运势上，乾卦象征飞龙在天，名利双收，但盛极必衰，需警惕骄傲，保持冷静。事业上象征大吉大利，但需注意谨慎；经商上顺利但有风险，宜把握时机；求名上需克服骄傲，进业修德；婚恋上阳盛阴衰，但刚柔可济；决策上可成就大事，需坚持刚健正直，自强不息。
乾卦和启蒙教育之间有何联系？,乾卦是《易经》六十四卦之首，由六阳爻组成，象征天，代表刚健、旺盛和纯粹阳性。卦辞‘元、亨、利、贞’表示吉祥如意，教导人遵守天道的德行。‘象曰：天行健，君子以自强不息’强调天道刚健运行不息，君子应效法天道，不断自我完善。邵雍认为乾卦象征刚健旺盛，但需谨防过强；傅佩荣则指出临事刚健，自强不息，且施比受有福。传统解卦认为乾卦象征天和龙，代表纯粹阳刚，需行正道方得长久。在运势上，乾卦象征飞龙在天，名利双收，但盛极必衰，需警惕骄傲，保持冷静。事业上象征大吉大利，但需注意谨慎；经商上顺利但有风险，宜把握时机；求名上需克服骄傲，进业修德；婚恋上阳盛阴衰，但刚柔可济；决策上可成就大事，需坚持刚健正直，自强不息。
在周易中，乾卦象征着什么？,乾卦是《易经》六十四卦之首，由六阳爻组成，象征天，代表刚健、旺盛和纯粹阳性。卦辞‘元、亨、利、贞’表示吉祥如意，教导人遵守天道的德行。‘象曰：天行健，君子以自强不息’强调天道刚健运行不息，君子应效法天道，不断自我完善。邵雍认为乾卦象征刚健旺盛，但需谨防过强；傅佩荣则指出临事刚健，自强不息，且施比受有福。传统解卦认为乾卦象征天和龙，代表纯粹阳刚，需行正道方得长久。在运势上，乾卦象征飞龙在天，名利双收，但盛极必衰，需警惕骄傲，保持冷静。事业上象征大吉大利，但需注意谨慎；经商上顺利但有风险，宜把握时机；求名上需克服骄傲，进业修德；婚恋上阳盛阴衰，但刚柔可济；决策上可成就大事，需坚持刚健正直，自强不息。
请描述乾卦的含义。,乾卦是《易经》六十四卦之首，由六阳爻组成，象征天，代表刚健、旺盛和纯粹阳性。卦辞‘元、亨、利、贞’表示吉祥如意，教导人遵守天道的德行。‘象曰：天行健，君子以自强不息’强调天道刚健运行不息，君子应效法天道，不断自我完善。邵雍认为乾卦象征刚健旺盛，但需谨防过强；傅佩荣则指出临事刚健，自强不息，且施比受有福。传统解卦认为乾卦象征天和龙，代表纯粹阳刚，需行正道方得长久。在运势上，乾卦象征飞龙在天，名利双收，但盛极必衰，需警惕骄傲，保持冷静。事业上象征大吉大利，但需注意谨慎；经商上顺利但有风险，宜把握时机；求名上需克服骄傲，进业修德；婚恋上阳盛阴衰，但刚柔可济；决策上可成就大事，需坚持刚健正直，自强不息。
乾卦在周易哲学中扮演什么角色？,乾卦是《易经》六十四卦之首，由六阳爻组成，象征天，代表刚健、旺盛和纯粹阳性。卦辞‘元、亨、利、贞’表示吉祥如意，教导人遵守天道的德行。‘象曰：天行健，君子以自强不息’强调天道刚健运行不息，君子应效法天道，不断自我完善。邵雍认为乾卦象征刚健旺盛，但需谨防过强；傅佩荣则指出临事刚健，自强不息，且施比受有福。传统解卦认为乾卦象征天和龙，代表纯粹阳刚，需行正道方得长久。在运势上，乾卦象征飞龙在天，名利双收，但盛极必衰，需警惕骄傲，保持冷静。事业上象征大吉大利，但需注意谨慎；经商上顺利但有风险，宜把握时机；求名上需克服骄傲，进业修德；婚恋上阳盛阴衰，但刚柔可济；决策上可成就大事，需坚持刚健正直，自强不息。
